Date,Temp
7/7/2020,53.209
7/7/2020,53.078
7/7/2020,52.947
7/7/2020,52.86
7/7/2020,52.772
7/7/2020,52.641
7/7/2020,52.554
7/7/2020,52.423
7/7/2020,52.335
7/7/2020,52.203
7/7/2020,52.072
7/7/2020,51.984
7/7/2020,51.895
7/7/2020,51.809
7/7/2020,51.721
7/7/2020,51.678
7/7/2020,51.678
7/7/2020,51.721
7/7/2020,51.764
7/7/2020,51.852
7/7/2020,51.984
7/7/2020,52.16
7/7/2020,52.423
7/7/2020,52.729
7/7/2020,52.947
7/7/2020,53.121
7/7/2020,53.209
7/7/2020,53.427
7/7/2020,53.602
7/7/2020,53.602
7/7/2020,53.645
7/7/2020,53.82
7/7/2020,54.037
7/7/2020,54.212
7/7/2020,54.082
7/7/2020,54.082
7/7/2020,53.994
7/7/2020,53.865
7/7/2020,53.776
7/7/2020,53.69
7/7/2020,53.515
7/7/2020,53.341
7/7/2020,53.209
7/7/2020,53.035
7/7/2020,52.86
7/7/2020,52.729
7/7/2020,52.597
7/7/2020,52.466
7/8/2020,52.335
7/8/2020,52.203
7/8/2020,52.072
7/8/2020,51.895
7/8/2020,51.764
7/8/2020,51.589
7/8/2020,51.458
7/8/2020,51.325
7/8/2020,51.148
7/8/2020,51.017
7/8/2020,50.886
7/8/2020,50.752
7/8/2020,50.576
7/8/2020,50.488
7/8/2020,50.445
7/8/2020,50.4
7/8/2020,50.356
7/8/2020,50.356
7/8/2020,50.4
7/8/2020,50.576
7/8/2020,50.797
7/8/2020,51.148
7/8/2020,51.633
7/8/2020,52.072
7/8/2020,52.554
7/8/2020,53.166
7/8/2020,53.82
7/8/2020,54.473
7/8/2020,55.213
7/8/2020,55.863
7/8/2020,56.469
7/8/2020,56.988
7/8/2020,57.333
7/8/2020,57.463
7/8/2020,57.463
7/8/2020,57.333
7/8/2020,56.944
7/8/2020,56.512
7/8/2020,56.079
7/8/2020,55.69
7/8/2020,55.342
7/8/2020,55.038
7/8/2020,54.777
7/8/2020,54.561
7/8/2020,54.343
7/8/2020,54.126
7/8/2020,53.951
7/8/2020,53.776
7/9/2020,53.602
7/9/2020,53.427
7/9/2020,53.253
7/9/2020,53.078
7/9/2020,52.903
7/9/2020,52.686
7/9/2020,52.509
7/9/2020,52.335
7/9/2020,52.16
7/9/2020,51.984
7/9/2020,51.809
7/9/2020,51.678
7/9/2020,51.501
7/9/2020,51.37
7/9/2020,51.237
7/9/2020,51.105
7/9/2020,51.062
7/9/2020,51.062
7/9/2020,51.105
7/9/2020,51.237
7/9/2020,51.501
7/9/2020,51.809
7/9/2020,52.291
7/9/2020,52.772
7/9/2020,53.209
7/9/2020,53.865
7/9/2020,54.561
7/9/2020,55.256
7/9/2020,55.949
7/9/2020,56.599
7/9/2020,57.204
7/9/2020,57.679
7/9/2020,57.807
7/9/2020,57.722
7/9/2020,57.549
7/9/2020,57.376
7/9/2020,57.031
7/9/2020,56.772
7/9/2020,56.556
7/9/2020,56.34
7/9/2020,56.079
7/9/2020,55.819
7/9/2020,55.558
7/9/2020,55.256
7/9/2020,55.038
7/9/2020,54.82
7/9/2020,54.604
7/9/2020,54.43
7/10/2020,54.255
7/10/2020,54.082
7/10/2020,53.908
7/10/2020,53.733
7/10/2020,53.559
7/10/2020,53.427
7/10/2020,53.253
7/10/2020,53.078
7/10/2020,52.903
7/10/2020,52.729
7/10/2020,52.597
7/10/2020,52.423
7/10/2020,52.246
7/10/2020,52.115
7/10/2020,51.984
7/10/2020,51.852
7/10/2020,51.809
7/10/2020,51.764
7/10/2020,51.809
7/10/2020,51.984
7/10/2020,52.203
7/10/2020,52.509
7/10/2020,52.992
7/10/2020,53.472
7/10/2020,53.951
7/10/2020,54.561
7/10/2020,55.299
7/10/2020,55.992
7/10/2020,56.685
7/10/2020,57.42
7/10/2020,58.066
7/10/2020,58.582
7/10/2020,58.928
7/10/2020,59.056
7/10/2020,59.099
7/10/2020,58.971
7/10/2020,58.626
7/10/2020,58.152
7/10/2020,57.722
7/10/2020,57.29
7/10/2020,56.944
7/10/2020,56.685
7/10/2020,56.426
7/10/2020,56.165
7/10/2020,55.949
7/10/2020,55.733
7/10/2020,55.558
7/10/2020,55.386
7/11/2020,55.213
7/11/2020,55.038
7/11/2020,54.865
7/11/2020,54.734
7/11/2020,54.561
7/11/2020,54.387
7/11/2020,54.255
7/11/2020,54.082
7/11/2020,53.908
7/11/2020,53.776
7/11/2020,53.602
7/11/2020,53.472
7/11/2020,53.298
7/11/2020,53.166
7/11/2020,53.035
7/11/2020,52.947
7/11/2020,52.903
7/11/2020,52.86
7/11/2020,52.903
7/11/2020,53.078
7/11/2020,53.298
7/11/2020,53.645
7/11/2020,54.082
7/11/2020,54.561
7/11/2020,55.125
7/11/2020,55.776
7/11/2020,56.469
7/11/2020,57.16
7/11/2020,57.893
7/11/2020,58.582
7/11/2020,59.185
7/11/2020,59.659
7/11/2020,59.959
7/11/2020,60.003
7/11/2020,59.959
7/11/2020,59.788
7/11/2020,59.358
7/11/2020,58.842
7/11/2020,58.368
7/11/2020,57.893
7/11/2020,57.506
7/11/2020,57.117
7/11/2020,56.815
7/11/2020,56.556
7/11/2020,56.295
7/11/2020,56.079
7/11/2020,55.863
7/11/2020,55.69
7/12/2020,55.472
7/12/2020,55.299
7/12/2020,55.125
7/12/2020,54.952
7/12/2020,54.734
7/12/2020,54.561
7/12/2020,54.343
7/12/2020,54.169
7/12/2020,53.994
7/12/2020,53.82
7/12/2020,53.645
7/12/2020,53.472
7/12/2020,53.298
7/12/2020,53.121
7/12/2020,52.992
7/12/2020,52.903
7/12/2020,52.86
7/12/2020,52.817
7/12/2020,52.86
7/12/2020,52.992
7/12/2020,53.209
7/12/2020,53.515
7/12/2020,53.951
7/12/2020,54.387
7/12/2020,54.865
7/12/2020,55.386
7/12/2020,55.992
7/12/2020,56.383
7/12/2020,56.728
7/12/2020,57.031
7/12/2020,57.376
7/12/2020,57.85
7/12/2020,58.152
7/12/2020,58.282
7/12/2020,58.325
7/12/2020,58.498
7/12/2020,58.368
7/12/2020,58.109
7/12/2020,57.765
7/12/2020,57.42
7/12/2020,57.031
7/12/2020,56.728
7/12/2020,56.426
7/12/2020,56.165
7/12/2020,55.949
7/12/2020,55.733
7/12/2020,55.558
7/12/2020,55.386
7/13/2020,55.213
7/13/2020,55.038
7/13/2020,54.865
7/13/2020,54.691
7/13/2020,54.473
7/13/2020,54.3
7/13/2020,54.126
7/13/2020,53.951
7/13/2020,53.776
7/13/2020,53.602
7/13/2020,53.384
7/13/2020,53.209
7/13/2020,53.035
7/13/2020,52.86
7/13/2020,52.729
7/13/2020,52.597
7/13/2020,52.509
7/13/2020,52.509
7/13/2020,52.509
7/13/2020,52.641
7/13/2020,52.86
7/13/2020,53.209
7/13/2020,53.645
7/13/2020,54.126
7/13/2020,54.604
7/13/2020,55.213
7/13/2020,55.863
7/13/2020,56.512
7/13/2020,57.204
7/13/2020,57.893
7/13/2020,58.541
7/13/2020,59.056
7/13/2020,59.401
7/13/2020,59.529
7/13/2020,59.529
7/13/2020,59.358
7/13/2020,59.014
7/13/2020,58.541
7/13/2020,58.023
7/13/2020,57.592
7/13/2020,57.16
7/13/2020,56.815
7/13/2020,56.469
7/13/2020,56.208
7/13/2020,55.949
7/13/2020,55.69
7/13/2020,55.472
7/13/2020,55.256
7/14/2020,55.038
7/14/2020,54.82
7/14/2020,54.604
7/14/2020,54.387
7/14/2020,54.169
7/14/2020,53.951
7/14/2020,53.733
7/14/2020,53.515
7/14/2020,53.298
7/14/2020,53.078
7/14/2020,52.86
7/14/2020,52.686
7/14/2020,52.466
7/14/2020,52.291
7/14/2020,52.115
7/14/2020,51.94
7/14/2020,51.852
7/14/2020,51.852
7/14/2020,51.852
7/14/2020,52.029
7/14/2020,52.246
7/14/2020,52.597
7/14/2020,53.078
7/14/2020,53.559
7/14/2020,54.082
7/14/2020,54.777
7/14/2020,55.515
7/14/2020,56.208
7/14/2020,56.988
7/14/2020,57.722
7/14/2020,58.411
7/14/2020,58.971
7/14/2020,59.358
7/14/2020,59.529
7/14/2020,59.572
7/14/2020,59.529
7/14/2020,59.185
7/14/2020,58.755
7/14/2020,58.239
7/14/2020,57.807
7/14/2020,57.42
7/14/2020,57.117
7/14/2020,56.858
7/14/2020,56.599
7/14/2020,56.383
7/14/2020,56.165
7/14/2020,55.949
7/14/2020,55.733
7/15/2020,55.558
7/15/2020,55.386
7/15/2020,55.213
7/15/2020,55.038
7/15/2020,54.865
7/15/2020,54.691
7/15/2020,54.516
7/15/2020,54.3
7/15/2020,54.126
7/15/2020,53.951
7/15/2020,53.776
7/15/2020,53.602
7/15/2020,53.427
7/15/2020,53.253
7/15/2020,53.121
7/15/2020,52.992
7/15/2020,52.903
7/15/2020,52.903
7/15/2020,52.947
7/15/2020,53.078
7/15/2020,53.341
7/15/2020,53.645
7/15/2020,54.126
7/15/2020,54.604
7/15/2020,55.168
7/15/2020,55.819
7/15/2020,56.599
7/15/2020,57.29
7/15/2020,58.066
7/15/2020,58.798
7/15/2020,59.486
7/15/2020,60.046
7/15/2020,60.474
7/15/2020,60.647
7/15/2020,60.69
7/15/2020,60.561
7/15/2020,60.217
7/15/2020,59.788
7/15/2020,59.272
7/15/2020,58.842
7/15/2020,58.455
7/15/2020,58.109
7/15/2020,57.85
7/15/2020,57.592
7/15/2020,57.333
7/15/2020,57.117
7/15/2020,56.901
7/15/2020,56.685
7/16/2020,56.512
7/16/2020,56.34
7/16/2020,56.165
7/16/2020,55.992
7/16/2020,55.819
7/16/2020,55.647
7/16/2020,55.472
7/16/2020,55.299
7/16/2020,55.125
7/16/2020,54.952
7/16/2020,54.777
7/16/2020,54.648
7/16/2020,54.473
7/16/2020,54.343
7/16/2020,54.212
7/16/2020,54.126
7/16/2020,54.082
7/16/2020,54.037
7/16/2020,54.082
7/16/2020,54.255
7/16/2020,54.43
7/16/2020,54.777
7/16/2020,55.256
7/16/2020,55.776
7/16/2020,56.295
7/16/2020,56.944
7/16/2020,57.636
7/16/2020,58.325
7/16/2020,59.099
7/16/2020,59.83
7/16/2020,60.474
7/16/2020,61.032
7/16/2020,61.419
7/16/2020,61.59
7/16/2020,61.59
7/16/2020,61.462
7/16/2020,61.162
7/16/2020,60.647
7/16/2020,60.132
7/16/2020,59.702
7/16/2020,59.272
7/16/2020,58.885
7/16/2020,58.582
7/16/2020,58.282
7/16/2020,58.023
7/16/2020,57.765
7/16/2020,57.506
7/16/2020,57.29
7/17/2020,57.117
7/17/2020,56.901
7/17/2020,56.728
7/17/2020,56.512
7/17/2020,56.34
7/17/2020,56.165
7/17/2020,55.949
7/17/2020,55.776
7/17/2020,55.602
7/17/2020,55.429
7/17/2020,55.299
7/17/2020,55.125
7/17/2020,54.952
7/17/2020,54.82
7/17/2020,54.691
7/17/2020,54.604
7/17/2020,54.516
7/17/2020,54.516
7/17/2020,54.561
7/17/2020,54.691
7/17/2020,54.909
7/17/2020,55.213
7/17/2020,55.69
7/17/2020,56.165
7/17/2020,56.685
7/17/2020,57.29
7/17/2020,57.979
7/17/2020,58.541
7/17/2020,59.315
7/17/2020,60.046
7/17/2020,60.517
7/17/2020,60.904
7/17/2020,61.162
7/17/2020,61.205
7/17/2020,61.205
7/17/2020,61.075
7/17/2020,60.818
7/17/2020,60.39
7/17/2020,59.873
7/17/2020,59.445
7/17/2020,59.014
7/17/2020,58.626
7/17/2020,58.282
7/17/2020,58.023
7/17/2020,57.765
7/17/2020,57.549
7/17/2020,57.29
7/17/2020,57.074
7/18/2020,56.858
7/18/2020,56.685
7/18/2020,56.469
7/18/2020,56.295
7/18/2020,56.079
7/18/2020,55.906
7/18/2020,55.69
7/18/2020,55.515
7/18/2020,55.299
7/18/2020,55.125
7/18/2020,54.952
7/18/2020,54.734
7/18/2020,54.561
7/18/2020,54.387
7/18/2020,54.212
7/18/2020,54.082
7/18/2020,53.951
7/18/2020,53.908
7/18/2020,53.951
7/18/2020,54.037
7/18/2020,54.255
7/18/2020,54.516
7/18/2020,54.952
7/18/2020,55.429
7/18/2020,55.906
7/18/2020,56.469
7/18/2020,57.117
7/18/2020,57.765
7/18/2020,58.498
7/18/2020,59.185
7/18/2020,59.873
7/18/2020,60.39
7/18/2020,60.775
7/18/2020,60.991
7/18/2020,61.032
7/18/2020,60.948
7/18/2020,60.647
7/18/2020,60.217
7/18/2020,59.702
7/18/2020,59.272
7/18/2020,58.928
7/18/2020,58.582
7/18/2020,58.239
7/18/2020,57.936
7/18/2020,57.722
7/18/2020,57.463
7/18/2020,57.247
7/18/2020,57.031
7/19/2020,56.815
7/19/2020,56.599
7/19/2020,56.426
7/19/2020,56.251
7/19/2020,56.035
7/19/2020,55.863
7/19/2020,55.647
7/19/2020,55.472
7/19/2020,55.299
7/19/2020,55.125
7/19/2020,54.952
7/19/2020,54.777
7/19/2020,54.604
7/19/2020,54.43
7/19/2020,54.3
7/19/2020,54.169
7/19/2020,54.082
7/19/2020,54.082
7/19/2020,54.082
7/19/2020,54.255
7/19/2020,54.43
7/19/2020,54.777
7/19/2020,55.213
7/19/2020,55.733
7/19/2020,56.251
7/19/2020,56.901
7/19/2020,57.592
7/19/2020,58.282
7/19/2020,59.099
7/19/2020,59.873
7/19/2020,60.561
7/19/2020,61.119
7/19/2020,61.547
7/19/2020,61.72
7/19/2020,61.761
7/19/2020,61.677
7/19/2020,61.419
7/19/2020,60.948
7/19/2020,60.433
7/19/2020,59.959
7/19/2020,59.529
7/19/2020,59.142
7/19/2020,58.798
7/19/2020,58.541
7/19/2020,58.325
7/19/2020,58.109
7/19/2020,57.893
7/19/2020,57.722
7/20/2020,57.506
7/20/2020,57.333
7/20/2020,57.16
7/20/2020,56.988
7/20/2020,56.815
7/20/2020,56.642
7/20/2020,56.469
7/20/2020,56.295
7/20/2020,56.122
7/20/2020,55.992
7/20/2020,55.819
7/20/2020,55.69
7/20/2020,55.515
7/20/2020,55.386
7/20/2020,55.256
7/20/2020,55.125
7/20/2020,55.081
7/20/2020,55.038
7/20/2020,55.081
7/20/2020,55.213
7/20/2020,55.386
7/20/2020,55.69
7/20/2020,56.165
7/20/2020,56.685
7/20/2020,57.204
7/20/2020,57.85
7/20/2020,58.541
7/20/2020,59.185
7/20/2020,59.959
7/20/2020,60.733
7/20/2020,61.419
7/20/2020,61.977
7/20/2020,62.362
7/20/2020,62.577
7/20/2020,62.661
7/20/2020,62.661
7/20/2020,62.362
7/20/2020,61.891
7/20/2020,61.419
7/20/2020,60.991
7/20/2020,60.561
7/20/2020,60.174
7/20/2020,59.83
7/20/2020,59.529
7/20/2020,59.272
7/20/2020,59.014
7/20/2020,58.798
7/20/2020,58.582
7/21/2020,58.411
7/21/2020,58.195
7/21/2020,58.023
7/21/2020,57.85
7/21/2020,57.679
7/21/2020,57.463
7/21/2020,57.29
7/21/2020,57.16
7/21/2020,56.988
7/21/2020,56.815
7/21/2020,56.685
7/21/2020,56.512
7/21/2020,56.383
7/21/2020,56.208
7/21/2020,56.079
7/21/2020,55.992
7/21/2020,55.906
7/21/2020,55.906
7/21/2020,55.906
7/21/2020,56.035
7/21/2020,56.208
7/21/2020,56.512
7/21/2020,56.944
7/21/2020,57.463
7/21/2020,57.979
7/21/2020,58.626
7/21/2020,59.272
7/21/2020,59.916
7/21/2020,60.647
7/21/2020,61.333
7/21/2020,61.977
7/21/2020,62.533
7/21/2020,62.919
7/21/2020,63.133
7/21/2020,63.133
7/21/2020,63.09
7/21/2020,62.834
7/21/2020,62.406
7/21/2020,61.891
7/21/2020,61.462
7/21/2020,61.075
7/21/2020,60.647
7/21/2020,60.303
7/21/2020,60.003
7/21/2020,59.745
7/21/2020,59.486
7/21/2020,59.272
7/21/2020,59.056
7/22/2020,58.842
7/22/2020,58.626
7/22/2020,58.455
7/22/2020,58.282
7/22/2020,58.066
7/22/2020,57.893
7/22/2020,57.722
7/22/2020,57.549
7/22/2020,57.376
7/22/2020,57.204
7/22/2020,57.031
7/22/2020,56.858
7/22/2020,56.685
7/22/2020,56.512
7/22/2020,56.383
7/22/2020,56.251
7/22/2020,56.165
7/22/2020,56.165
7/22/2020,56.165
7/22/2020,56.251
7/22/2020,56.426
7/22/2020,56.728
7/22/2020,57.16
7/22/2020,57.636
7/22/2020,58.109
7/22/2020,58.669
7/22/2020,59.315
7/22/2020,59.916
7/22/2020,60.604
7/22/2020,61.333
7/22/2020,61.977
7/22/2020,62.447
7/22/2020,62.834
7/22/2020,63.005
7/22/2020,63.005
7/22/2020,62.962
7/22/2020,62.704
7/22/2020,62.233
7/22/2020,61.761
7/22/2020,61.29
7/22/2020,60.861
7/22/2020,60.474
7/22/2020,60.046
7/22/2020,59.745
7/22/2020,59.401
7/22/2020,59.099
7/22/2020,58.842
7/22/2020,58.582
7/23/2020,58.368
7/23/2020,58.152
7/23/2020,57.936
7/23/2020,57.722
7/23/2020,57.506
7/23/2020,57.29
7/23/2020,57.117
7/23/2020,56.944
7/23/2020,56.728
7/23/2020,56.556
7/23/2020,56.383
7/23/2020,56.208
7/23/2020,56.035
7/23/2020,55.906
7/23/2020,55.733
7/23/2020,55.602
7/23/2020,55.515
7/23/2020,55.472
7/23/2020,55.472
7/23/2020,55.602
7/23/2020,55.776
7/23/2020,56.035
7/23/2020,56.469
7/23/2020,56.944
7/23/2020,57.42
7/23/2020,57.979
7/23/2020,58.582
7/23/2020,59.142
7/23/2020,59.659
7/23/2020,60.26
7/23/2020,60.647
7/23/2020,60.991
7/23/2020,61.462
7/23/2020,61.633
7/23/2020,61.547
7/23/2020,61.462
7/23/2020,61.248
7/23/2020,60.904
7/23/2020,60.433
7/23/2020,60.003
7/23/2020,59.572
7/23/2020,59.185
7/23/2020,58.842
7/23/2020,58.541
7/23/2020,58.239
7/23/2020,57.979
7/23/2020,57.722
7/23/2020,57.463
7/24/2020,57.204
7/24/2020,56.988
7/24/2020,56.772
7/24/2020,56.556
7/24/2020,56.34
7/24/2020,56.122
7/24/2020,55.906
7/24/2020,55.69
7/24/2020,55.472
7/24/2020,55.299
7/24/2020,55.081
7/24/2020,54.909
7/24/2020,54.691
7/24/2020,54.516
7/24/2020,54.343
7/24/2020,54.212
7/24/2020,54.126
7/24/2020,54.082
7/24/2020,54.082
7/24/2020,54.212
7/24/2020,54.387
7/24/2020,54.691
7/24/2020,55.168
7/24/2020,55.647
7/24/2020,56.165
7/24/2020,56.772
7/24/2020,57.376
7/24/2020,57.979
7/24/2020,58.626
7/24/2020,59.358
7/24/2020,60.003
7/24/2020,60.517
7/24/2020,60.818
7/24/2020,60.991
7/24/2020,60.991
7/24/2020,60.904
7/24/2020,60.69
7/24/2020,60.26
7/24/2020,59.745
7/24/2020,59.272
7/24/2020,58.842
7/24/2020,58.411
7/24/2020,58.066
7/24/2020,57.765
7/24/2020,57.506
7/24/2020,57.247
7/24/2020,56.988
7/24/2020,56.728
7/25/2020,56.469
7/25/2020,56.251
7/25/2020,56.035
7/25/2020,55.819
7/25/2020,55.602
7/25/2020,55.386
7/25/2020,55.168
7/25/2020,54.952
7/25/2020,54.734
7/25/2020,54.516
7/25/2020,54.3
7/25/2020,54.082
7/25/2020,53.908
7/25/2020,53.69
7/25/2020,53.515
7/25/2020,53.341
7/25/2020,53.209
7/25/2020,53.166
7/25/2020,53.166
7/25/2020,53.253
7/25/2020,53.472
7/25/2020,53.733
7/25/2020,54.212
7/25/2020,54.734
7/25/2020,55.213
7/25/2020,55.819
7/25/2020,56.469
7/25/2020,57.074
7/25/2020,57.807
7/25/2020,58.541
7/25/2020,59.229
7/25/2020,59.83
7/25/2020,60.26
7/25/2020,60.474
7/25/2020,60.517
7/25/2020,60.474
7/25/2020,60.303
7/25/2020,59.873
7/25/2020,59.401
7/25/2020,58.928
7/25/2020,58.498
7/25/2020,58.109
7/25/2020,57.765
7/25/2020,57.506
7/25/2020,57.247
7/25/2020,57.031
7/25/2020,56.815
7/25/2020,56.599
7/26/2020,56.426
7/26/2020,56.251
7/26/2020,56.035
7/26/2020,55.863
7/26/2020,55.69
7/26/2020,55.515
7/26/2020,55.342
7/26/2020,55.213
7/26/2020,55.038
7/26/2020,54.865
7/26/2020,54.691
7/26/2020,54.561
7/26/2020,54.387
7/26/2020,54.255
7/26/2020,54.126
7/26/2020,53.994
7/26/2020,53.951
7/26/2020,53.908
7/26/2020,53.951
7/26/2020,54.082
7/26/2020,54.255
7/26/2020,54.561
7/26/2020,54.995
7/26/2020,55.515
7/26/2020,56.035
7/26/2020,56.642
7/26/2020,57.333
7/26/2020,57.936
7/26/2020,58.669
7/26/2020,59.445
7/26/2020,60.174
7/26/2020,60.775
7/26/2020,61.248
7/26/2020,61.506
7/26/2020,61.633
7/26/2020,61.677
7/26/2020,61.547
7/26/2020,61.205
7/26/2020,60.733
7/26/2020,60.303
7/26/2020,59.916
7/26/2020,59.572
7/26/2020,59.229
7/26/2020,58.971
7/26/2020,58.755
7/26/2020,58.541
7/26/2020,58.368
7/26/2020,58.195
7/27/2020,58.023
7/27/2020,57.893
7/27/2020,57.722
7/27/2020,57.592
7/27/2020,57.42
7/27/2020,57.29
7/27/2020,57.117
7/27/2020,57.031
7/27/2020,56.901
7/27/2020,56.772
7/27/2020,56.685
7/27/2020,56.599
7/27/2020,56.469
7/27/2020,56.383
7/27/2020,56.295
7/27/2020,56.251
7/27/2020,56.208
7/27/2020,56.208
7/27/2020,56.251
7/27/2020,56.251
7/27/2020,56.383
7/27/2020,56.469
7/27/2020,56.685
7/27/2020,56.988
7/27/2020,57.42
7/27/2020,57.765
7/27/2020,58.325
7/27/2020,58.712
7/27/2020,59.142
7/27/2020,59.315
7/27/2020,59.702
7/27/2020,60.132
7/27/2020,60.517
7/27/2020,60.818
7/27/2020,60.904
7/27/2020,61.075
7/27/2020,61.162
7/27/2020,60.991
7/27/2020,60.775
7/27/2020,60.517
7/27/2020,60.303
7/27/2020,60.089
7/27/2020,59.83
7/27/2020,59.616
7/27/2020,59.445
7/27/2020,59.229
7/27/2020,59.056
7/27/2020,58.885
7/28/2020,58.712
7/28/2020,58.541
7/28/2020,58.411
7/28/2020,58.239
7/28/2020,58.109
7/28/2020,57.936
7/28/2020,57.807
7/28/2020,57.679
7/28/2020,57.549
7/28/2020,57.376
7/28/2020,57.29
7/28/2020,57.117
7/28/2020,56.988
7/28/2020,56.858
7/28/2020,56.772
7/28/2020,56.685
7/28/2020,56.642
7/28/2020,56.599
7/28/2020,56.599
7/28/2020,56.728
7/28/2020,56.901
7/28/2020,57.117
7/28/2020,57.506
7/28/2020,57.936
7/28/2020,58.455
7/28/2020,59.014
7/28/2020,59.616
7/28/2020,60.174
7/28/2020,60.775
7/28/2020,61.506
7/28/2020,62.148
7/28/2020,62.704
7/28/2020,63.133
7/28/2020,63.347
7/28/2020,63.39
7/28/2020,63.39
7/28/2020,63.304
7/28/2020,63.005
7/28/2020,62.533
7/28/2020,62.148
7/28/2020,61.804
7/28/2020,61.419
7/28/2020,61.075
7/28/2020,60.775
7/28/2020,60.517
7/28/2020,60.303
7/28/2020,60.089
7/28/2020,59.873
7/29/2020,59.702
7/29/2020,59.529
7/29/2020,59.358
7/29/2020,59.185
7/29/2020,59.014
7/29/2020,58.842
7/29/2020,58.669
7/29/2020,58.541
7/29/2020,58.411
7/29/2020,58.239
7/29/2020,58.109
7/29/2020,57.979
7/29/2020,57.85
7/29/2020,57.722
7/29/2020,57.592
7/29/2020,57.506
7/29/2020,57.463
7/29/2020,57.42
7/29/2020,57.42
7/29/2020,57.506
7/29/2020,57.679
7/29/2020,57.893
7/29/2020,58.325
7/29/2020,58.755
7/29/2020,59.272
7/29/2020,59.83
7/29/2020,60.39
7/29/2020,60.948
7/29/2020,61.59
7/29/2020,62.362
7/29/2020,63.048
7/29/2020,63.561
7/29/2020,63.946
7/29/2020,64.117
7/29/2020,64.117
7/29/2020,64.074
7/29/2020,63.946
7/29/2020,63.561
7/29/2020,63.09
7/29/2020,62.577
7/29/2020,62.191
7/29/2020,61.761
7/29/2020,61.376
7/29/2020,61.075
7/29/2020,60.818
7/29/2020,60.561
7/29/2020,60.346
7/29/2020,60.132
7/30/2020,59.916
7/30/2020,59.702
7/30/2020,59.486
7/30/2020,59.315
7/30/2020,59.099
7/30/2020,58.928
7/30/2020,58.712
7/30/2020,58.541
7/30/2020,58.368
7/30/2020,58.195
7/30/2020,58.023
7/30/2020,57.85
7/30/2020,57.679
7/30/2020,57.506
7/30/2020,57.333
7/30/2020,57.204
7/30/2020,57.117
7/30/2020,57.031
7/30/2020,57.031
7/30/2020,57.16
7/30/2020,57.29
7/30/2020,57.506
7/30/2020,57.893
7/30/2020,58.368
7/30/2020,58.842
7/30/2020,59.445
7/30/2020,60.046
7/30/2020,60.517
7/30/2020,61.205
7/30/2020,61.934
7/30/2020,62.62
7/30/2020,63.219
7/30/2020,63.604
7/30/2020,63.862
7/30/2020,63.903
7/30/2020,63.903
7/30/2020,63.775
7/30/2020,63.475
7/30/2020,62.962
7/30/2020,62.49
7/30/2020,62.105
7/30/2020,61.677
7/30/2020,61.29
7/30/2020,60.991
7/30/2020,60.69
7/30/2020,60.433
7/30/2020,60.217
7/30/2020,60.003
7/31/2020,59.788
7/31/2020,59.572
7/31/2020,59.401
7/31/2020,59.185
7/31/2020,58.971
7/31/2020,58.798
7/31/2020,58.626
7/31/2020,58.411
7/31/2020,58.239
7/31/2020,58.066
7/31/2020,57.893
7/31/2020,57.722
7/31/2020,57.549
7/31/2020,57.376
7/31/2020,57.204
7/31/2020,57.074
7/31/2020,56.988
7/31/2020,56.944
7/31/2020,56.944
7/31/2020,57.031
7/31/2020,57.204
7/31/2020,57.42
7/31/2020,57.85
7/31/2020,58.325
7/31/2020,58.842
7/31/2020,59.401
7/31/2020,60.003
7/31/2020,60.517
7/31/2020,61.119
7/31/2020,61.804
7/31/2020,62.406
7/31/2020,62.875
7/31/2020,63.219
7/31/2020,63.39
7/31/2020,63.39
7/31/2020,63.304
7/31/2020,63.133
7/31/2020,62.791
7/31/2020,62.319
7/31/2020,61.804
7/31/2020,61.333
7/31/2020,60.904
7/31/2020,60.517
7/31/2020,60.174
7/31/2020,59.916
7/31/2020,59.659
7/31/2020,59.445
7/31/2020,59.229
8/1/2020,59.056
8/1/2020,58.885
8/1/2020,58.712
8/1/2020,58.541
8/1/2020,58.411
8/1/2020,58.239
8/1/2020,58.066
8/1/2020,57.893
8/1/2020,57.765
8/1/2020,57.592
8/1/2020,57.463
8/1/2020,57.333
8/1/2020,57.204
8/1/2020,57.074
8/1/2020,56.944
8/1/2020,56.858
8/1/2020,56.772
8/1/2020,56.772
8/1/2020,56.772
8/1/2020,56.901
8/1/2020,57.031
8/1/2020,57.247
8/1/2020,57.636
8/1/2020,58.109
8/1/2020,58.541
8/1/2020,59.099
8/1/2020,59.572
8/1/2020,60.046
8/1/2020,60.647
8/1/2020,61.333
8/1/2020,61.977
8/1/2020,62.49
8/1/2020,62.834
8/1/2020,63.048
8/1/2020,63.048
8/1/2020,63.005
8/1/2020,62.875
8/1/2020,62.533
8/1/2020,62.062
8/1/2020,61.547
8/1/2020,61.119
8/1/2020,60.69
8/1/2020,60.303
8/1/2020,59.959
8/1/2020,59.659
8/1/2020,59.358
8/1/2020,59.099
8/1/2020,58.885
8/2/2020,58.669
8/2/2020,58.455
8/2/2020,58.239
8/2/2020,58.023
8/2/2020,57.85
8/2/2020,57.636
8/2/2020,57.42
8/2/2020,57.204
8/2/2020,57.031
8/2/2020,56.858
8/2/2020,56.642
8/2/2020,56.469
8/2/2020,56.295
8/2/2020,56.122
8/2/2020,55.992
8/2/2020,55.863
8/2/2020,55.733
8/2/2020,55.69
8/2/2020,55.733
8/2/2020,55.819
8/2/2020,55.992
8/2/2020,56.251
8/2/2020,56.685
8/2/2020,57.204
8/2/2020,57.722
8/2/2020,58.239
8/2/2020,58.755
8/2/2020,59.099
8/2/2020,59.616
8/2/2020,60.26
8/2/2020,60.948
8/2/2020,61.462
8/2/2020,61.804
8/2/2020,61.977
8/2/2020,61.977
8/2/2020,61.977
8/2/2020,61.934
8/2/2020,61.633
8/2/2020,61.205
8/2/2020,60.69
8/2/2020,60.303
8/2/2020,59.873
8/2/2020,59.486
8/2/2020,59.185
8/2/2020,58.885
8/2/2020,58.626
8/2/2020,58.411
8/2/2020,58.195
8/3/2020,57.979
8/3/2020,57.807
8/3/2020,57.592
8/3/2020,57.42
8/3/2020,57.204
8/3/2020,57.031
8/3/2020,56.858
8/3/2020,56.685
8/3/2020,56.512
8/3/2020,56.34
8/3/2020,56.165
8/3/2020,55.992
8/3/2020,55.819
8/3/2020,55.69
8/3/2020,55.515
8/3/2020,55.386
8/3/2020,55.299
8/3/2020,55.256
8/3/2020,55.256
8/3/2020,55.386
8/3/2020,55.515
8/3/2020,55.776
8/3/2020,56.208
8/3/2020,56.728
8/3/2020,57.204
8/3/2020,57.765
8/3/2020,58.325
8/3/2020,58.755
8/3/2020,59.401
8/3/2020,60.089
8/3/2020,60.69
8/3/2020,61.205
8/3/2020,61.59
8/3/2020,61.72
8/3/2020,61.761
8/3/2020,61.848
8/3/2020,61.848
8/3/2020,61.59
8/3/2020,61.119
8/3/2020,60.647
8/3/2020,60.217
8/3/2020,59.788
8/3/2020,59.401
8/3/2020,59.056
8/3/2020,58.755
8/3/2020,58.541
8/3/2020,58.282
8/3/2020,58.066
8/4/2020,57.893
8/4/2020,57.679
8/4/2020,57.506
8/4/2020,57.29
8/4/2020,57.117
8/4/2020,56.944
8/4/2020,56.728
8/4/2020,56.556
8/4/2020,56.383
8/4/2020,56.208
8/4/2020,56.035
8/4/2020,55.906
8/4/2020,55.733
8/4/2020,55.558
8/4/2020,55.472
8/4/2020,55.342
8/4/2020,55.256
8/4/2020,55.213
8/4/2020,55.256
8/4/2020,55.386
8/4/2020,55.558
8/4/2020,55.819
8/4/2020,56.208
8/4/2020,56.728
8/4/2020,57.204
8/4/2020,57.807
8/4/2020,58.411
8/4/2020,58.928
8/4/2020,59.529
8/4/2020,60.26
8/4/2020,60.948
8/4/2020,61.506
8/4/2020,61.891
8/4/2020,62.191
8/4/2020,62.233
8/4/2020,62.191
8/4/2020,62.105
8/4/2020,61.804
8/4/2020,61.376
8/4/2020,60.861
8/4/2020,60.474
8/4/2020,60.089
8/4/2020,59.702
8/4/2020,59.358
8/4/2020,59.056
8/4/2020,58.798
8/4/2020,58.582
8/4/2020,58.368
8/5/2020,58.195
8/5/2020,57.979
8/5/2020,57.807
8/5/2020,57.636
8/5/2020,57.463
8/5/2020,57.29
8/5/2020,57.16
8/5/2020,56.988
8/5/2020,56.815
8/5/2020,56.685
8/5/2020,56.512
8/5/2020,56.383
8/5/2020,56.251
8/5/2020,56.122
8/5/2020,55.992
8/5/2020,55.949
8/5/2020,55.949
8/5/2020,55.949
8/5/2020,56.035
8/5/2020,56.165
8/5/2020,56.34
8/5/2020,56.556
8/5/2020,56.944
8/5/2020,57.42
8/5/2020,57.893
8/5/2020,58.325
8/5/2020,58.798
8/5/2020,59.185
8/5/2020,59.702
8/5/2020,60.346
8/5/2020,60.948
8/5/2020,61.419
8/5/2020,61.761
8/5/2020,61.934
8/5/2020,61.934
8/5/2020,61.891
8/5/2020,61.804
8/5/2020,61.547
8/5/2020,61.162
8/5/2020,60.69
8/5/2020,60.346
8/5/2020,59.959
8/5/2020,59.616
8/5/2020,59.315
8/5/2020,59.056
8/5/2020,58.885
8/5/2020,58.669
8/5/2020,58.498
8/6/2020,58.368
8/6/2020,58.239
8/6/2020,58.066
8/6/2020,57.936
8/6/2020,57.807
8/6/2020,57.679
8/6/2020,57.549
8/6/2020,57.42
8/6/2020,57.29
8/6/2020,57.16
8/6/2020,56.988
8/6/2020,56.858
8/6/2020,56.772
8/6/2020,56.642
8/6/2020,56.512
8/6/2020,56.426
8/6/2020,56.383
8/6/2020,56.383
8/6/2020,56.426
8/6/2020,56.469
8/6/2020,56.512
8/6/2020,56.556
8/6/2020,56.556
8/6/2020,56.599
8/6/2020,56.642
8/6/2020,56.685
8/6/2020,56.685
8/6/2020,56.772
8/6/2020,56.858
8/6/2020,56.988
8/6/2020,57.16
8/6/2020,57.376
8/6/2020,57.506
8/6/2020,57.765
8/6/2020,57.893
8/6/2020,57.893
8/6/2020,57.936
8/6/2020,57.979
8/6/2020,57.807
8/6/2020,57.549
8/6/2020,57.333
8/6/2020,57.031
8/6/2020,56.772
8/6/2020,56.512
8/6/2020,56.251
8/6/2020,55.992
8/6/2020,55.776
8/6/2020,55.558
8/7/2020,55.342
8/7/2020,55.125
8/7/2020,54.952
8/7/2020,54.734
8/7/2020,54.561
8/7/2020,54.343
8/7/2020,54.169
8/7/2020,53.994
8/7/2020,53.776
8/7/2020,53.645
8/7/2020,53.472
8/7/2020,53.298
8/7/2020,53.166
8/7/2020,53.035
8/7/2020,52.86
8/7/2020,52.729
8/7/2020,52.686
8/7/2020,52.597
8/7/2020,52.554
8/7/2020,52.641
8/7/2020,52.772
8/7/2020,52.992
8/7/2020,53.384
8/7/2020,53.865
8/7/2020,54.343
8/7/2020,54.865
8/7/2020,55.342
8/7/2020,55.863
8/7/2020,56.512
8/7/2020,57.204
8/7/2020,57.85
8/7/2020,58.411
8/7/2020,58.842
8/7/2020,59.142
8/7/2020,59.185
8/7/2020,59.142
8/7/2020,59.099
8/7/2020,58.842
8/7/2020,58.455
8/7/2020,57.979
8/7/2020,57.592
8/7/2020,57.204
8/7/2020,56.815
8/7/2020,56.512
8/7/2020,56.251
8/7/2020,55.992
8/7/2020,55.776
8/7/2020,55.602
8/8/2020,55.386
8/8/2020,55.213
8/8/2020,54.995
8/8/2020,54.82
8/8/2020,54.604
8/8/2020,54.43
8/8/2020,54.255
8/8/2020,54.082
8/8/2020,53.908
8/8/2020,53.733
8/8/2020,53.559
8/8/2020,53.427
8/8/2020,53.253
8/8/2020,53.121
8/8/2020,52.947
8/8/2020,52.86
8/8/2020,52.729
8/8/2020,52.686
8/8/2020,52.686
8/8/2020,52.86
8/8/2020,52.992
8/8/2020,53.298
8/8/2020,53.69
8/8/2020,54.212
8/8/2020,54.691
8/8/2020,55.213
8/8/2020,55.733
8/8/2020,56.251
8/8/2020,56.815
8/8/2020,57.549
8/8/2020,58.282
8/8/2020,58.842
8/8/2020,59.272
8/8/2020,59.529
8/8/2020,59.572
8/8/2020,59.572
8/8/2020,59.529
8/8/2020,59.315
8/8/2020,58.885
8/8/2020,58.411
8/8/2020,57.979
8/8/2020,57.636
8/8/2020,57.29
8/8/2020,56.988
8/8/2020,56.728
8/8/2020,56.512
8/8/2020,56.251
8/8/2020,56.079
8/9/2020,55.863
8/9/2020,55.69
8/9/2020,55.515
8/9/2020,55.342
8/9/2020,55.168
8/9/2020,54.995
8/9/2020,54.82
8/9/2020,54.648
8/9/2020,54.516
8/9/2020,54.343
8/9/2020,54.169
8/9/2020,54.037
8/9/2020,53.865
8/9/2020,53.69
8/9/2020,53.559
8/9/2020,53.427
8/9/2020,53.341
8/9/2020,53.253
8/9/2020,53.253
8/9/2020,53.384
8/9/2020,53.559
8/9/2020,53.776
8/9/2020,54.169
8/9/2020,54.648
8/9/2020,55.125
8/9/2020,55.69
8/9/2020,56.079
8/9/2020,56.599
8/9/2020,57.117
8/9/2020,57.85
8/9/2020,58.498
8/9/2020,59.056
8/9/2020,59.529
8/9/2020,59.83
8/9/2020,59.916
8/9/2020,59.873
8/9/2020,59.83
8/9/2020,59.659
8/9/2020,59.229
8/9/2020,58.755
8/9/2020,58.368
8/9/2020,57.979
8/9/2020,57.592
8/9/2020,57.247
8/9/2020,56.944
8/9/2020,56.728
8/9/2020,56.512
8/9/2020,56.295
8/10/2020,56.122
8/10/2020,55.949
8/10/2020,55.776
8/10/2020,55.602
8/10/2020,55.429
8/10/2020,55.256
8/10/2020,55.081
8/10/2020,54.952
8/10/2020,54.777
8/10/2020,54.604
8/10/2020,54.43
8/10/2020,54.3
8/10/2020,54.126
8/10/2020,53.994
8/10/2020,53.865
8/10/2020,53.733
8/10/2020,53.645
8/10/2020,53.559
8/10/2020,53.559
8/10/2020,53.69
8/10/2020,53.82
8/10/2020,54.082
8/10/2020,54.473
8/10/2020,54.952
8/10/2020,55.429
8/10/2020,55.992
8/10/2020,56.469
8/10/2020,56.988
8/10/2020,57.549
8/10/2020,58.282
8/10/2020,59.056
8/10/2020,59.616
8/10/2020,60.089
8/10/2020,60.39
8/10/2020,60.474
8/10/2020,60.433
8/10/2020,60.39
8/10/2020,60.217
8/10/2020,59.83
8/10/2020,59.358
8/10/2020,58.971
8/10/2020,58.582
8/10/2020,58.195
8/10/2020,57.85
8/10/2020,57.549
8/10/2020,57.333
8/10/2020,57.117
8/10/2020,56.901
8/11/2020,56.685
8/11/2020,56.512
8/11/2020,56.34
8/11/2020,56.122
8/11/2020,55.949
8/11/2020,55.733
8/11/2020,55.558
8/11/2020,55.342
8/11/2020,55.168
8/11/2020,54.995
8/11/2020,54.777
8/11/2020,54.604
8/11/2020,54.473
8/11/2020,54.3
8/11/2020,54.126
8/11/2020,53.994
8/11/2020,53.908
8/11/2020,53.865
8/11/2020,53.865
8/11/2020,53.994
8/11/2020,54.169
8/11/2020,54.43
8/11/2020,54.777
8/11/2020,55.299
8/11/2020,55.776
8/11/2020,56.34
8/11/2020,56.858
8/11/2020,57.376
8/11/2020,57.936
8/11/2020,58.626
8/11/2020,59.272
8/11/2020,59.788
8/11/2020,60.174
8/11/2020,60.39
8/11/2020,60.39
8/11/2020,60.26
8/11/2020,60.174
8/11/2020,59.959
8/11/2020,59.529
8/11/2020,59.014
8/11/2020,58.582
8/11/2020,58.152
8/11/2020,57.722
8/11/2020,57.29
8/11/2020,56.988
8/11/2020,56.685
8/11/2020,56.426
8/11/2020,56.165
8/12/2020,55.906
8/12/2020,55.69
8/12/2020,55.472
8/12/2020,55.213
8/12/2020,54.952
8/12/2020,54.734
8/12/2020,54.473
8/12/2020,54.255
8/12/2020,53.994
8/12/2020,53.776
8/12/2020,53.559
8/12/2020,53.341
8/12/2020,53.121
8/12/2020,52.947
8/12/2020,52.772
8/12/2020,52.597
8/12/2020,52.554
8/12/2020,52.509
8/12/2020,52.554
8/12/2020,52.686
8/12/2020,52.86
8/12/2020,53.121
8/12/2020,53.427
8/12/2020,53.82
8/12/2020,54.3
8/12/2020,54.734
8/12/2020,55.168
8/12/2020,55.647
8/12/2020,56.122
8/12/2020,56.772
8/12/2020,57.333
8/12/2020,57.85
8/12/2020,58.152
8/12/2020,58.411
8/12/2020,58.411
8/12/2020,58.368
8/12/2020,58.325
8/12/2020,58.195
8/12/2020,57.85
8/12/2020,57.42
8/12/2020,57.074
8/12/2020,56.728
8/12/2020,56.34
8/12/2020,56.035
8/12/2020,55.733
8/12/2020,55.472
8/12/2020,55.213
8/12/2020,54.995
8/13/2020,54.777
8/13/2020,54.561
8/13/2020,54.343
8/13/2020,54.169
8/13/2020,53.951
8/13/2020,53.733
8/13/2020,53.559
8/13/2020,53.341
8/13/2020,53.166
8/13/2020,52.992
8/13/2020,52.817
8/13/2020,52.597
8/13/2020,52.423
8/13/2020,52.246
8/13/2020,52.115
8/13/2020,51.984
8/13/2020,51.852
8/13/2020,51.764
8/13/2020,51.764
8/13/2020,51.895
8/13/2020,52.072
8/13/2020,52.335
8/13/2020,52.686
8/13/2020,53.166
8/13/2020,53.645
8/13/2020,54.169
8/13/2020,54.648
8/13/2020,55.125
8/13/2020,55.733
8/13/2020,56.383
8/13/2020,57.031
8/13/2020,57.636
8/13/2020,58.066
8/13/2020,58.325
8/13/2020,58.411
8/13/2020,58.368
8/13/2020,58.368
8/13/2020,58.239
8/13/2020,57.893
8/13/2020,57.463
8/13/2020,57.074
8/13/2020,56.728
8/13/2020,56.34
8/13/2020,55.992
8/13/2020,55.733
8/13/2020,55.472
8/13/2020,55.256
8/13/2020,55.038
8/14/2020,54.82
8/14/2020,54.648
8/14/2020,54.43
8/14/2020,54.255
8/14/2020,54.082
8/14/2020,53.865
8/14/2020,53.69
8/14/2020,53.515
8/14/2020,53.298
8/14/2020,53.121
8/14/2020,52.947
8/14/2020,52.772
8/14/2020,52.597
8/14/2020,52.423
8/14/2020,52.246
8/14/2020,52.115
8/14/2020,51.984
8/14/2020,51.895
8/14/2020,51.895
8/14/2020,52.029
8/14/2020,52.16
8/14/2020,52.466
8/14/2020,52.817
8/14/2020,53.298
8/14/2020,53.776
8/14/2020,54.3
8/14/2020,54.82
8/14/2020,55.386
8/14/2020,55.992
8/14/2020,56.772
8/14/2020,57.506
8/14/2020,58.152
8/14/2020,58.669
8/14/2020,58.971
8/14/2020,59.099
8/14/2020,59.099
8/14/2020,59.099
8/14/2020,59.014
8/14/2020,58.712
8/14/2020,58.282
8/14/2020,57.936
8/14/2020,57.549
8/14/2020,57.204
8/14/2020,56.901
8/14/2020,56.685
8/14/2020,56.426
8/14/2020,56.251
8/14/2020,56.035
8/15/2020,55.863
8/15/2020,55.733
8/15/2020,55.558
8/15/2020,55.429
8/15/2020,55.256
8/15/2020,55.125
8/15/2020,54.995
8/15/2020,54.82
8/15/2020,54.691
8/15/2020,54.604
8/15/2020,54.473
8/15/2020,54.43
8/15/2020,54.343
8/15/2020,54.255
8/15/2020,54.212
8/15/2020,54.169
8/15/2020,54.169
8/15/2020,54.169
8/15/2020,54.169
8/15/2020,54.3
8/15/2020,54.43
8/15/2020,54.691
8/15/2020,55.038
8/15/2020,55.472
8/15/2020,55.949
8/15/2020,56.469
8/15/2020,56.944
8/15/2020,57.549
8/15/2020,58.109
8/15/2020,58.885
8/15/2020,59.616
8/15/2020,60.217
8/15/2020,60.733
8/15/2020,61.075
8/15/2020,61.162
8/15/2020,61.162
8/15/2020,61.162
8/15/2020,61.075
8/15/2020,60.775
8/15/2020,60.39
8/15/2020,60.003
8/15/2020,59.659
8/15/2020,59.358
8/15/2020,59.056
8/15/2020,58.842
8/15/2020,58.626
8/15/2020,58.498
8/15/2020,58.282
8/16/2020,58.152
8/16/2020,57.979
8/16/2020,57.85
8/16/2020,57.722
8/16/2020,57.549
8/16/2020,57.42
8/16/2020,57.29
8/16/2020,57.117
8/16/2020,56.988
8/16/2020,56.858
8/16/2020,56.728
8/16/2020,56.599
8/16/2020,56.426
8/16/2020,56.34
8/16/2020,56.208
8/16/2020,56.122
8/16/2020,56.035
8/16/2020,55.992
8/16/2020,56.035
8/16/2020,56.122
8/16/2020,56.208
8/16/2020,56.34
8/16/2020,56.556
8/16/2020,56.815
8/16/2020,57.031
8/16/2020,57.376
8/16/2020,57.592
8/16/2020,57.807
8/16/2020,57.979
8/16/2020,58.109
8/16/2020,58.239
8/16/2020,58.325
8/16/2020,58.498
8/16/2020,58.582
8/16/2020,58.755
8/16/2020,58.928
8/16/2020,59.056
8/16/2020,59.099
8/16/2020,59.099
8/16/2020,59.014
8/16/2020,58.928
8/16/2020,58.842
8/16/2020,58.712
8/16/2020,58.541
8/16/2020,58.411
8/16/2020,58.282
8/16/2020,58.152
8/16/2020,58.066
8/17/2020,57.936
8/17/2020,57.85
8/17/2020,57.722
8/17/2020,57.592
8/17/2020,57.506
8/17/2020,57.376
8/17/2020,57.29
8/17/2020,57.16
8/17/2020,57.074
8/17/2020,56.944
8/17/2020,56.858
8/17/2020,56.728
8/17/2020,56.642
8/17/2020,56.556
8/17/2020,56.469
8/17/2020,56.383
8/17/2020,56.295
8/17/2020,56.251
8/17/2020,56.295
8/17/2020,56.383
8/17/2020,56.512
8/17/2020,56.728
8/17/2020,57.074
8/17/2020,57.463
8/17/2020,57.893
8/17/2020,58.368
8/17/2020,58.755
8/17/2020,59.185
8/17/2020,59.616
8/17/2020,60.003
8/17/2020,60.346
8/17/2020,60.561
8/17/2020,60.604
8/17/2020,60.517
8/17/2020,60.433
8/17/2020,60.39
8/17/2020,60.303
8/17/2020,60.174
8/17/2020,60.046
8/17/2020,59.916
8/17/2020,59.788
8/17/2020,59.616
8/17/2020,59.486
8/17/2020,59.315
8/17/2020,59.142
8/17/2020,59.014
8/17/2020,58.885
8/17/2020,58.755
8/18/2020,58.582
8/18/2020,58.455
8/18/2020,58.325
8/18/2020,58.152
8/18/2020,58.023
8/18/2020,57.893
8/18/2020,57.765
8/18/2020,57.636
8/18/2020,57.549
8/18/2020,57.42
8/18/2020,57.29
8/18/2020,57.16
8/18/2020,57.074
8/18/2020,56.944
8/18/2020,56.858
8/18/2020,56.772
8/18/2020,56.685
8/18/2020,56.642
8/18/2020,56.685
8/18/2020,56.772
8/18/2020,56.944
8/18/2020,57.204
8/18/2020,57.549
8/18/2020,57.979
8/18/2020,58.325
8/18/2020,58.755
8/18/2020,59.099
8/18/2020,59.445
8/18/2020,59.873
8/18/2020,60.303
8/18/2020,60.733
8/18/2020,60.948
8/18/2020,60.991
8/18/2020,61.075
8/18/2020,61.205
8/18/2020,61.162
8/18/2020,61.162
8/18/2020,61.075
8/18/2020,60.861
8/18/2020,60.561
8/18/2020,60.346
8/18/2020,60.089
8/18/2020,59.83
8/18/2020,59.572
8/18/2020,59.358
8/18/2020,59.142
8/18/2020,58.928
8/18/2020,58.755
8/19/2020,58.541
8/19/2020,58.368
8/19/2020,58.195
8/19/2020,58.023
8/19/2020,57.85
8/19/2020,57.679
8/19/2020,57.506
8/19/2020,57.333
8/19/2020,57.16
8/19/2020,56.988
8/19/2020,56.815
8/19/2020,56.685
8/19/2020,56.512
8/19/2020,56.34
8/19/2020,56.208
8/19/2020,56.035
8/19/2020,55.906
8/19/2020,55.819
8/19/2020,55.819
8/19/2020,55.863
8/19/2020,55.992
8/19/2020,56.165
8/19/2020,56.469
8/19/2020,56.858
8/19/2020,57.29
8/19/2020,57.765
8/19/2020,58.109
8/19/2020,58.582
8/19/2020,59.099
8/19/2020,59.659
8/19/2020,60.26
8/19/2020,60.775
8/19/2020,61.119
8/19/2020,61.333
8/19/2020,61.333
8/19/2020,61.162
8/19/2020,61.119
8/19/2020,60.991
8/19/2020,60.69
8/19/2020,60.26
8/19/2020,59.83
8/19/2020,59.445
8/19/2020,59.099
8/19/2020,58.755
8/19/2020,58.498
8/19/2020,58.239
8/19/2020,58.023
8/19/2020,57.807
8/20/2020,57.592
8/20/2020,57.376
8/20/2020,57.204
8/20/2020,57.074
8/20/2020,56.944
8/20/2020,56.815
8/20/2020,56.685
8/20/2020,56.599
8/20/2020,56.512
8/20/2020,56.383
8/20/2020,56.295
8/20/2020,56.165
8/20/2020,56.035
8/20/2020,55.906
8/20/2020,55.776
8/20/2020,55.647
8/20/2020,55.515
8/20/2020,55.472
8/20/2020,55.429
8/20/2020,55.515
8/20/2020,55.602
8/20/2020,55.819
8/20/2020,56.079
8/20/2020,56.512
8/20/2020,56.858
8/20/2020,57.247
8/20/2020,57.549
8/20/2020,57.936
8/20/2020,58.411
8/20/2020,59.014
8/20/2020,59.572
8/20/2020,60.089
8/20/2020,60.433
8/20/2020,60.647
8/20/2020,60.733
8/20/2020,60.69
8/20/2020,60.69
8/20/2020,60.604
8/20/2020,60.39
8/20/2020,60.046
8/20/2020,59.659
8/20/2020,59.315
8/20/2020,59.014
8/20/2020,58.712
8/20/2020,58.455
8/20/2020,58.239
8/20/2020,58.023
8/20/2020,57.85
8/21/2020,57.679
8/21/2020,57.549
8/21/2020,57.376
8/21/2020,57.204
8/21/2020,57.074
8/21/2020,56.944
8/21/2020,56.815
8/21/2020,56.685
8/21/2020,56.556
8/21/2020,56.426
8/21/2020,56.295
8/21/2020,56.165
8/21/2020,56.122
8/21/2020,56.035
8/21/2020,55.992
8/21/2020,55.949
8/21/2020,55.949
8/21/2020,55.906
8/21/2020,55.949
8/21/2020,56.035
8/21/2020,56.165
8/21/2020,56.383
8/21/2020,56.512
8/21/2020,56.772
8/21/2020,57.29
8/21/2020,57.549
8/21/2020,57.936
8/21/2020,58.239
8/21/2020,58.411
8/21/2020,58.582
8/21/2020,58.885
8/21/2020,59.099
8/21/2020,59.185
8/21/2020,59.315
8/21/2020,59.445
8/21/2020,59.401
8/21/2020,59.401
8/21/2020,59.445
8/21/2020,59.358
8/21/2020,59.142
8/21/2020,58.928
8/21/2020,58.755
8/21/2020,58.582
8/21/2020,58.411
8/21/2020,58.239
8/21/2020,58.109
8/21/2020,57.979
8/21/2020,57.893
8/22/2020,57.765
8/22/2020,57.679
8/22/2020,57.549
8/22/2020,57.463
8/22/2020,57.376
8/22/2020,57.29
8/22/2020,57.16
8/22/2020,57.074
8/22/2020,56.988
8/22/2020,56.901
8/22/2020,56.815
8/22/2020,56.728
8/22/2020,56.642
8/22/2020,56.556
8/22/2020,56.469
8/22/2020,56.383
8/22/2020,56.34
8/22/2020,56.34
8/22/2020,56.295
8/22/2020,56.383
8/22/2020,56.469
8/22/2020,56.642
8/22/2020,56.858
8/22/2020,57.16
8/22/2020,57.463
8/22/2020,57.807
8/22/2020,58.109
8/22/2020,58.498
8/22/2020,58.971
8/22/2020,59.529
8/22/2020,60.089
8/22/2020,60.517
8/22/2020,60.861
8/22/2020,61.075
8/22/2020,61.075
8/22/2020,60.948
8/22/2020,60.948
8/22/2020,60.818
8/22/2020,60.517
8/22/2020,60.089
8/22/2020,59.702
8/22/2020,59.358
8/22/2020,59.014
8/22/2020,58.669
8/22/2020,58.411
8/22/2020,58.152
8/22/2020,57.936
8/22/2020,57.722
8/23/2020,57.506
8/23/2020,57.333
8/23/2020,57.16
8/23/2020,56.988
8/23/2020,56.815
8/23/2020,56.642
8/23/2020,56.469
8/23/2020,56.34
8/23/2020,56.165
8/23/2020,55.992
8/23/2020,55.819
8/23/2020,55.647
8/23/2020,55.515
8/23/2020,55.342
8/23/2020,55.213
8/23/2020,55.081
8/23/2020,54.995
8/23/2020,54.952
8/23/2020,54.909
8/23/2020,54.995
8/23/2020,55.125
8/23/2020,55.299
8/23/2020,55.647
8/23/2020,55.992
8/23/2020,56.34
8/23/2020,56.772
8/23/2020,57.16
8/23/2020,57.592
8/23/2020,58.109
8/23/2020,58.712
8/23/2020,59.272
8/23/2020,59.788
8/23/2020,60.132
8/23/2020,60.39
8/23/2020,60.433
8/23/2020,60.346
8/23/2020,60.303
8/23/2020,60.26
8/23/2020,60.003
8/23/2020,59.616
8/23/2020,59.272
8/23/2020,58.971
8/23/2020,58.626
8/23/2020,58.325
8/23/2020,58.109
8/23/2020,57.893
8/23/2020,57.679
8/23/2020,57.463
8/24/2020,57.29
8/24/2020,57.117
8/24/2020,56.988
8/24/2020,56.815
8/24/2020,56.642
8/24/2020,56.512
8/24/2020,56.34
8/24/2020,56.165
8/24/2020,56.035
8/24/2020,55.863
8/24/2020,55.733
8/24/2020,55.558
8/24/2020,55.429
8/24/2020,55.299
8/24/2020,55.168
8/24/2020,55.081
8/24/2020,54.995
8/24/2020,54.952
8/24/2020,54.952
8/24/2020,54.995
8/24/2020,55.125
8/24/2020,55.299
8/24/2020,55.472
8/24/2020,55.776
8/24/2020,56.122
8/24/2020,56.34
8/24/2020,56.642
8/24/2020,56.944
8/24/2020,57.204
8/24/2020,57.592
8/24/2020,58.109
8/24/2020,58.669
8/24/2020,59.056
8/24/2020,59.358
8/24/2020,59.401
8/24/2020,59.315
8/24/2020,59.358
8/24/2020,59.401
8/24/2020,59.229
8/24/2020,58.971
8/24/2020,58.669
8/24/2020,58.368
8/24/2020,58.109
8/24/2020,57.85
8/24/2020,57.636
8/24/2020,57.463
8/24/2020,57.29
8/24/2020,57.16
8/25/2020,56.988
8/25/2020,56.858
8/25/2020,56.685
8/25/2020,56.556
8/25/2020,56.426
8/25/2020,56.295
8/25/2020,56.165
8/25/2020,56.035
8/25/2020,55.949
8/25/2020,55.819
8/25/2020,55.733
8/25/2020,55.647
8/25/2020,55.558
8/25/2020,55.472
8/25/2020,55.429
8/25/2020,55.386
8/25/2020,55.299
8/25/2020,55.299
8/25/2020,55.342
8/25/2020,55.386
8/25/2020,55.472
8/25/2020,55.602
8/25/2020,55.863
8/25/2020,56.165
8/25/2020,56.469
8/25/2020,56.815
8/25/2020,57.16
8/25/2020,57.592
8/25/2020,58.023
8/25/2020,58.582
8/25/2020,59.099
8/25/2020,59.529
8/25/2020,59.916
8/25/2020,60.089
8/25/2020,60.132
8/25/2020,60.003
8/25/2020,59.916
8/25/2020,59.873
8/25/2020,59.616
8/25/2020,59.272
8/25/2020,58.885
8/25/2020,58.541
8/25/2020,58.195
8/25/2020,57.85
8/25/2020,57.549
8/25/2020,57.29
8/25/2020,57.074
8/25/2020,56.815
8/26/2020,56.599
8/26/2020,56.426
8/26/2020,56.208
8/26/2020,56.035
8/26/2020,55.819
8/26/2020,55.647
8/26/2020,55.472
8/26/2020,55.299
8/26/2020,55.125
8/26/2020,54.952
8/26/2020,54.777
8/26/2020,54.604
8/26/2020,54.43
8/26/2020,54.3
8/26/2020,54.126
8/26/2020,53.994
8/26/2020,53.908
8/26/2020,53.865
8/26/2020,53.865
8/26/2020,53.951
8/26/2020,54.037
8/26/2020,54.255
8/26/2020,54.561
8/26/2020,54.909
8/26/2020,55.256
8/26/2020,55.602
8/26/2020,55.992
8/26/2020,56.469
8/26/2020,56.944
8/26/2020,57.506
8/26/2020,58.066
8/26/2020,58.498
8/26/2020,58.842
8/26/2020,59.056
8/26/2020,59.099
8/26/2020,59.014
8/26/2020,58.971
8/26/2020,58.885
8/26/2020,58.669
8/26/2020,58.368
8/26/2020,58.023
8/26/2020,57.722
8/26/2020,57.376
8/26/2020,57.074
8/26/2020,56.772
8/26/2020,56.512
8/26/2020,56.295
8/26/2020,56.079
8/27/2020,55.863
8/27/2020,55.647
8/27/2020,55.472
8/27/2020,55.256
8/27/2020,55.081
8/27/2020,54.865
8/27/2020,54.691
8/27/2020,54.473
8/27/2020,54.3
8/27/2020,54.126
8/27/2020,53.908
8/27/2020,53.733
8/27/2020,53.559
8/27/2020,53.384
8/27/2020,53.209
8/27/2020,53.078
8/27/2020,52.947
8/27/2020,52.86
8/27/2020,52.86
8/27/2020,52.947
8/27/2020,53.078
8/27/2020,53.253
8/27/2020,53.602
8/27/2020,53.994
8/27/2020,54.343
8/27/2020,54.691
8/27/2020,55.125
8/27/2020,55.602
8/27/2020,56.122
8/27/2020,56.728
8/27/2020,57.29
8/27/2020,57.807
8/27/2020,58.195
8/27/2020,58.455
8/27/2020,58.541
8/27/2020,58.411
8/27/2020,58.368
8/27/2020,58.325
8/27/2020,58.152
8/27/2020,57.807
8/27/2020,57.42
8/27/2020,57.074
8/27/2020,56.728
8/27/2020,56.426
8/27/2020,56.122
8/27/2020,55.863
8/27/2020,55.602
8/27/2020,55.386
8/28/2020,55.168
8/28/2020,54.952
8/28/2020,54.734
8/28/2020,54.516
8/28/2020,54.343
8/28/2020,54.126
8/28/2020,53.951
8/28/2020,53.733
8/28/2020,53.559
8/28/2020,53.384
8/28/2020,53.209
8/28/2020,53.035
8/28/2020,52.86
8/28/2020,52.686
8/28/2020,52.554
8/28/2020,52.423
8/28/2020,52.291
8/28/2020,52.246
8/28/2020,52.203
8/28/2020,52.335
8/28/2020,52.466
8/28/2020,52.641
8/28/2020,52.992
8/28/2020,53.384
8/28/2020,53.776
8/28/2020,54.082
8/28/2020,54.561
8/28/2020,55.038
8/28/2020,55.558
8/28/2020,56.165
8/28/2020,56.772
8/28/2020,57.29
8/28/2020,57.679
8/28/2020,57.979
8/28/2020,58.066
8/28/2020,57.979
8/28/2020,57.979
8/28/2020,57.936
8/28/2020,57.807
8/28/2020,57.549
8/28/2020,57.204
8/28/2020,56.944
8/28/2020,56.642
8/28/2020,56.383
8/28/2020,56.122
8/28/2020,55.906
8/28/2020,55.69
8/28/2020,55.515
8/29/2020,55.299
8/29/2020,55.125
8/29/2020,54.909
8/29/2020,54.734
8/29/2020,54.561
8/29/2020,54.387
8/29/2020,54.212
8/29/2020,54.037
8/29/2020,53.865
8/29/2020,53.69
8/29/2020,53.515
8/29/2020,53.341
8/29/2020,53.209
8/29/2020,53.035
8/29/2020,52.86
8/29/2020,52.729
8/29/2020,52.597
8/29/2020,52.509
8/29/2020,52.466
8/29/2020,52.597
8/29/2020,52.686
8/29/2020,52.86
8/29/2020,53.209
8/29/2020,53.559
8/29/2020,53.951
8/29/2020,54.255
8/29/2020,54.691
8/29/2020,55.168
8/29/2020,55.647
8/29/2020,56.251
8/29/2020,56.858
8/29/2020,57.29
8/29/2020,57.722
8/29/2020,57.936
8/29/2020,57.979
8/29/2020,57.85
8/29/2020,57.765
8/29/2020,57.722
8/29/2020,57.549
8/29/2020,57.29
8/29/2020,56.944
8/29/2020,56.599
8/29/2020,56.251
8/29/2020,55.949
8/29/2020,55.647
8/29/2020,55.342
8/29/2020,55.081
8/29/2020,54.82
8/30/2020,54.604
8/30/2020,54.343
8/30/2020,54.126
8/30/2020,53.908
8/30/2020,53.69
8/30/2020,53.427
8/30/2020,53.209
8/30/2020,52.947
8/30/2020,52.729
8/30/2020,52.509
8/30/2020,52.291
8/30/2020,52.115
8/30/2020,51.895
8/30/2020,51.678
8/30/2020,51.501
8/30/2020,51.325
8/30/2020,51.193
8/30/2020,51.105
8/30/2020,51.062
8/30/2020,51.148
8/30/2020,51.237
8/30/2020,51.413
8/30/2020,51.764
8/30/2020,52.16
8/30/2020,52.466
8/30/2020,52.729
8/30/2020,53.121
8/30/2020,53.559
8/30/2020,53.994
8/30/2020,54.516
8/30/2020,55.038
8/30/2020,55.472
8/30/2020,55.819
8/30/2020,56.079
8/30/2020,56.122
8/30/2020,55.992
8/30/2020,55.949
8/30/2020,55.949
8/30/2020,55.863
8/30/2020,55.602
8/30/2020,55.299
8/30/2020,54.952
8/30/2020,54.648
8/30/2020,54.343
8/30/2020,54.082
8/30/2020,53.82
8/30/2020,53.645
8/30/2020,53.427
8/31/2020,53.253
8/31/2020,53.078
8/31/2020,52.903
8/31/2020,52.729
8/31/2020,52.554
8/31/2020,52.378
8/31/2020,52.203
8/31/2020,52.072
8/31/2020,51.895
8/31/2020,51.764
8/31/2020,51.678
8/31/2020,51.589
8/31/2020,51.544
8/31/2020,51.501
8/31/2020,51.458
8/31/2020,51.458
8/31/2020,51.501
8/31/2020,51.544
8/31/2020,51.633
8/31/2020,51.764
8/31/2020,51.94
8/31/2020,52.072
8/31/2020,52.378
8/31/2020,52.729
8/31/2020,53.035
8/31/2020,53.298
8/31/2020,53.69
8/31/2020,54.126
8/31/2020,54.516
8/31/2020,55.038
8/31/2020,55.558
8/31/2020,55.949
8/31/2020,56.34
8/31/2020,56.599
8/31/2020,56.599
8/31/2020,56.512
8/31/2020,56.426
8/31/2020,56.426
8/31/2020,56.34
8/31/2020,56.079
8/31/2020,55.776
8/31/2020,55.472
8/31/2020,55.213
8/31/2020,54.952
8/31/2020,54.648
8/31/2020,54.43
8/31/2020,54.255
8/31/2020,54.082
9/1/2020,53.908
9/1/2020,53.776
9/1/2020,53.602
9/1/2020,53.472
9/1/2020,53.341
9/1/2020,53.209
9/1/2020,53.078
9/1/2020,52.947
9/1/2020,52.817
9/1/2020,52.729
9/1/2020,52.597
9/1/2020,52.509
9/1/2020,52.378
9/1/2020,52.246
9/1/2020,52.16
9/1/2020,52.072
9/1/2020,51.984
9/1/2020,51.94
9/1/2020,51.94
9/1/2020,52.072
9/1/2020,52.16
9/1/2020,52.335
9/1/2020,52.686
9/1/2020,53.035
9/1/2020,53.298
9/1/2020,53.645
9/1/2020,54.082
9/1/2020,54.561
9/1/2020,55.038
9/1/2020,55.69
9/1/2020,56.295
9/1/2020,56.815
9/1/2020,57.29
9/1/2020,57.549
9/1/2020,57.679
9/1/2020,57.636
9/1/2020,57.636
9/1/2020,57.636
9/1/2020,57.549
9/1/2020,57.376
9/1/2020,57.074
9/1/2020,56.815
9/1/2020,56.599
9/1/2020,56.34
9/1/2020,56.122
9/1/2020,55.949
9/1/2020,55.776
9/1/2020,55.602
9/2/2020,55.472
9/2/2020,55.299
9/2/2020,55.168
9/2/2020,55.038
9/2/2020,54.909
9/2/2020,54.777
9/2/2020,54.648
9/2/2020,54.516
9/2/2020,54.43
9/2/2020,54.3
9/2/2020,54.212
9/2/2020,54.082
9/2/2020,53.994
9/2/2020,53.908
9/2/2020,53.776
9/2/2020,53.69
9/2/2020,53.602
9/2/2020,53.559
9/2/2020,53.559
9/2/2020,53.645
9/2/2020,53.733
9/2/2020,53.908
9/2/2020,54.255
9/2/2020,54.561
9/2/2020,54.865
9/2/2020,55.125
9/2/2020,55.602
9/2/2020,56.079
9/2/2020,56.599
9/2/2020,57.16
9/2/2020,57.765
9/2/2020,58.195
9/2/2020,58.626
9/2/2020,58.971
9/2/2020,59.014
9/2/2020,58.928
9/2/2020,58.885
9/2/2020,58.842
9/2/2020,58.712
9/2/2020,58.455
9/2/2020,58.152
9/2/2020,57.807
9/2/2020,57.506
9/2/2020,57.247
9/2/2020,56.988
9/2/2020,56.772
9/2/2020,56.556
9/2/2020,56.383
9/3/2020,56.165
9/3/2020,55.992
9/3/2020,55.819
9/3/2020,55.647
9/3/2020,55.472
9/3/2020,55.342
9/3/2020,55.168
9/3/2020,54.995
9/3/2020,54.82
9/3/2020,54.691
9/3/2020,54.516
9/3/2020,54.387
9/3/2020,54.212
9/3/2020,54.082
9/3/2020,53.908
9/3/2020,53.776
9/3/2020,53.645
9/3/2020,53.602
9/3/2020,53.559
9/3/2020,53.645
9/3/2020,53.733
9/3/2020,53.865
9/3/2020,54.212
9/3/2020,54.561
9/3/2020,54.777
9/3/2020,55.125
9/3/2020,55.558
9/3/2020,56.035
9/3/2020,56.556
9/3/2020,57.117
9/3/2020,57.679
9/3/2020,58.195
9/3/2020,58.626
9/3/2020,58.928
9/3/2020,59.014
9/3/2020,58.971
9/3/2020,58.928
9/3/2020,58.928
9/3/2020,58.885
9/3/2020,58.712
9/3/2020,58.455
9/3/2020,58.152
9/3/2020,57.893
9/3/2020,57.679
9/3/2020,57.463
9/3/2020,57.247
9/3/2020,57.074
9/3/2020,56.901
9/4/2020,56.772
9/4/2020,56.599
9/4/2020,56.469
9/4/2020,56.34
9/4/2020,56.208
9/4/2020,56.079
9/4/2020,55.949
9/4/2020,55.819
9/4/2020,55.69
9/4/2020,55.558
9/4/2020,55.429
9/4/2020,55.342
9/4/2020,55.213
9/4/2020,55.081
9/4/2020,54.995
9/4/2020,54.865
9/4/2020,54.82
9/4/2020,54.734
9/4/2020,54.734
9/4/2020,54.82
9/4/2020,54.909
9/4/2020,55.038
9/4/2020,55.342
9/4/2020,55.647
9/4/2020,55.906
9/4/2020,56.208
9/4/2020,56.642
9/4/2020,57.031
9/4/2020,57.463
9/4/2020,58.023
9/4/2020,58.541
9/4/2020,58.971
9/4/2020,59.315
9/4/2020,59.529
9/4/2020,59.529
9/4/2020,59.445
9/4/2020,59.445
9/4/2020,59.358
9/4/2020,59.272
9/4/2020,59.014
9/4/2020,58.755
9/4/2020,58.455
9/4/2020,58.195
9/4/2020,57.936
9/4/2020,57.679
9/4/2020,57.463
9/4/2020,57.29
9/4/2020,57.117
9/5/2020,56.944
9/5/2020,56.772
9/5/2020,56.556
9/5/2020,56.383
9/5/2020,56.208
9/5/2020,56.079
9/5/2020,55.906
9/5/2020,55.733
9/5/2020,55.558
9/5/2020,55.429
9/5/2020,55.256
9/5/2020,55.081
9/5/2020,54.909
9/5/2020,54.777
9/5/2020,54.604
9/5/2020,54.43
9/5/2020,54.3
9/5/2020,54.212
9/5/2020,54.169
9/5/2020,54.212
9/5/2020,54.3
9/5/2020,54.387
9/5/2020,54.691
9/5/2020,54.995
9/5/2020,55.125
9/5/2020,55.429
9/5/2020,55.863
9/5/2020,56.251
9/5/2020,56.642
9/5/2020,57.16
9/5/2020,57.679
9/5/2020,58.109
9/5/2020,58.455
9/5/2020,58.669
9/5/2020,58.755
9/5/2020,58.626
9/5/2020,58.582
9/5/2020,58.541
9/5/2020,58.411
9/5/2020,58.152
9/5/2020,57.85
9/5/2020,57.506
9/5/2020,57.247
9/5/2020,56.944
9/5/2020,56.685
9/5/2020,56.469
9/5/2020,56.251
9/5/2020,56.079
9/6/2020,55.906
9/6/2020,55.69
9/6/2020,55.515
9/6/2020,55.342
9/6/2020,55.168
9/6/2020,54.995
9/6/2020,54.82
9/6/2020,54.648
9/6/2020,54.473
9/6/2020,54.255
9/6/2020,54.126
9/6/2020,53.951
9/6/2020,53.776
9/6/2020,53.602
9/6/2020,53.427
9/6/2020,53.253
9/6/2020,53.121
9/6/2020,52.992
9/6/2020,52.903
9/6/2020,52.947
9/6/2020,52.992
9/6/2020,53.078
9/6/2020,53.384
9/6/2020,53.69
9/6/2020,53.908
9/6/2020,54.169
9/6/2020,54.648
9/6/2020,55.081
9/6/2020,55.558
9/6/2020,56.122
9/6/2020,56.642
9/6/2020,57.117
9/6/2020,57.549
9/6/2020,57.807
9/6/2020,57.936
9/6/2020,57.85
9/6/2020,57.807
9/6/2020,57.807
9/6/2020,57.807
9/6/2020,57.636
9/6/2020,57.376
9/6/2020,57.117
9/6/2020,56.901
9/6/2020,56.642
9/6/2020,56.426
9/6/2020,56.208
9/6/2020,55.992
9/6/2020,55.819
9/7/2020,55.647
9/7/2020,55.472
9/7/2020,55.299
9/7/2020,55.125
9/7/2020,54.995
9/7/2020,54.82
9/7/2020,54.648
9/7/2020,54.473
9/7/2020,54.343
9/7/2020,54.169
9/7/2020,53.994
9/7/2020,53.865
9/7/2020,53.69
9/7/2020,53.559
9/7/2020,53.384
9/7/2020,53.253
9/7/2020,53.121
9/7/2020,53.035
9/7/2020,53.035
9/7/2020,53.078
9/7/2020,53.166
9/7/2020,53.298
9/7/2020,53.602
9/7/2020,53.951
9/7/2020,54.126
9/7/2020,54.43
9/7/2020,54.909
9/7/2020,55.342
9/7/2020,55.819
9/7/2020,56.34
9/7/2020,56.901
9/7/2020,57.376
9/7/2020,57.807
9/7/2020,58.152
9/7/2020,58.282
9/7/2020,58.152
9/7/2020,58.109
9/7/2020,58.066
9/7/2020,58.023
9/7/2020,57.893
9/7/2020,57.636
9/7/2020,57.42
9/7/2020,57.247
9/7/2020,57.031
9/7/2020,56.858
9/7/2020,56.642
9/7/2020,56.469
9/7/2020,56.34
9/8/2020,56.165
9/8/2020,55.992
9/8/2020,55.819
9/8/2020,55.602
9/8/2020,55.386
9/8/2020,55.168
9/8/2020,54.909
9/8/2020,54.648
9/8/2020,54.343
9/8/2020,54.082
9/8/2020,53.776
9/8/2020,53.515
9/8/2020,53.209
9/8/2020,52.947
9/8/2020,52.686
9/8/2020,52.423
9/8/2020,52.203
9/8/2020,52.029
9/8/2020,51.895
9/8/2020,51.895
9/8/2020,51.984
9/8/2020,52.115
9/8/2020,52.466
9/8/2020,52.817
9/8/2020,53.035
9/8/2020,53.341
9/8/2020,53.776
9/8/2020,54.169
9/8/2020,54.604
9/8/2020,55.081
9/8/2020,55.558
9/8/2020,55.992
9/8/2020,56.295
9/8/2020,56.556
9/8/2020,56.642
9/8/2020,56.512
9/8/2020,56.426
9/8/2020,56.426
9/8/2020,56.383
9/8/2020,56.165
9/8/2020,55.863
9/8/2020,55.558
9/8/2020,55.299
9/8/2020,54.995
9/8/2020,54.691
9/8/2020,54.387
9/8/2020,54.126
9/8/2020,53.865
9/9/2020,53.602
9/9/2020,53.341
9/9/2020,53.121
9/9/2020,52.903
9/9/2020,52.686
9/9/2020,52.466
9/9/2020,52.291
9/9/2020,52.115
9/9/2020,51.94
9/9/2020,51.764
9/9/2020,51.589
9/9/2020,51.458
9/9/2020,51.282
9/9/2020,51.193
9/9/2020,51.062
9/9/2020,50.929
9/9/2020,50.841
9/9/2020,50.752
9/9/2020,50.752
9/9/2020,50.752
9/9/2020,50.886
9/9/2020,51.062
9/9/2020,51.37
9/9/2020,51.678
9/9/2020,51.984
9/9/2020,52.378
9/9/2020,52.86
9/9/2020,53.341
9/9/2020,53.82
9/9/2020,54.343
9/9/2020,54.82
9/9/2020,55.213
9/9/2020,55.515
9/9/2020,55.69
9/9/2020,55.776
9/9/2020,55.733
9/9/2020,55.69
9/9/2020,55.647
9/9/2020,55.515
9/9/2020,55.386
9/9/2020,55.213
9/9/2020,55.038
9/9/2020,54.82
9/9/2020,54.604
9/9/2020,54.387
9/9/2020,54.169
9/9/2020,53.951
9/9/2020,53.776
9/10/2020,53.559
9/10/2020,53.384
9/10/2020,53.166
9/10/2020,52.992
9/10/2020,52.772
9/10/2020,52.597
9/10/2020,52.423
9/10/2020,52.203
9/10/2020,52.029
9/10/2020,51.852
9/10/2020,51.678
9/10/2020,51.501
9/10/2020,51.325
9/10/2020,51.148
9/10/2020,51.017
9/10/2020,50.886
9/10/2020,50.752
9/10/2020,50.664
9/10/2020,50.664
9/10/2020,50.709
9/10/2020,50.797
9/10/2020,50.929
9/10/2020,51.148
9/10/2020,51.413
9/10/2020,51.678
9/10/2020,51.984
9/10/2020,52.335
9/10/2020,52.686
9/10/2020,52.992
9/10/2020,53.341
9/10/2020,53.645
9/10/2020,53.908
9/10/2020,54.126
9/10/2020,54.255
9/10/2020,54.255
9/10/2020,54.212
9/10/2020,54.169
9/10/2020,54.126
9/10/2020,54.082
9/10/2020,53.994
9/10/2020,53.908
9/10/2020,53.776
9/10/2020,53.645
9/10/2020,53.515
9/10/2020,53.384
9/10/2020,53.253
9/10/2020,53.121
9/10/2020,52.992
9/11/2020,52.86
9/11/2020,52.729
9/11/2020,52.554
9/11/2020,52.423
9/11/2020,52.246
9/11/2020,52.115
9/11/2020,51.94
9/11/2020,51.809
9/11/2020,51.633
9/11/2020,51.458
9/11/2020,51.325
9/11/2020,51.193
9/11/2020,51.017
9/11/2020,50.886
9/11/2020,50.752
9/11/2020,50.621
9/11/2020,50.488
9/11/2020,50.445
9/11/2020,50.4
9/11/2020,50.4
9/11/2020,50.445
9/11/2020,50.533
9/11/2020,50.664
9/11/2020,50.886
9/11/2020,51.062
9/11/2020,51.282
9/11/2020,51.544
9/11/2020,51.809
9/11/2020,52.029
9/11/2020,52.246
9/11/2020,52.423
9/11/2020,52.597
9/11/2020,52.772
9/11/2020,52.86
9/11/2020,52.903
9/11/2020,52.903
9/11/2020,52.86
9/11/2020,52.86
9/11/2020,52.817
9/11/2020,52.772
9/11/2020,52.686
9/11/2020,52.597
9/11/2020,52.554
9/11/2020,52.466
9/11/2020,52.378
9/11/2020,52.291
9/11/2020,52.246
9/11/2020,52.16
9/12/2020,52.072
9/12/2020,51.984
9/12/2020,51.852
9/12/2020,51.764
9/12/2020,51.633
9/12/2020,51.544
9/12/2020,51.458
9/12/2020,51.325
9/12/2020,51.193
9/12/2020,51.105
9/12/2020,50.974
9/12/2020,50.841
9/12/2020,50.752
9/12/2020,50.621
9/12/2020,50.488
9/12/2020,50.4
9/12/2020,50.311
9/12/2020,50.223
9/12/2020,50.18
9/12/2020,50.135
9/12/2020,50.135
9/12/2020,50.223
9/12/2020,50.311
9/12/2020,50.445
9/12/2020,50.576
9/12/2020,50.752
9/12/2020,50.929
9/12/2020,51.148
9/12/2020,51.37
9/12/2020,51.633
9/12/2020,51.809
9/12/2020,51.984
9/12/2020,52.115
9/12/2020,52.203
9/12/2020,52.246
9/12/2020,52.291
9/12/2020,52.291
9/12/2020,52.291
9/12/2020,52.246
9/12/2020,52.203
9/12/2020,52.16
9/12/2020,52.072
9/12/2020,52.029
9/12/2020,51.984
9/12/2020,51.895
9/12/2020,51.852
9/12/2020,51.764
9/12/2020,51.678
9/13/2020,51.589
9/13/2020,51.501
9/13/2020,51.413
9/13/2020,51.325
9/13/2020,51.237
9/13/2020,51.105
9/13/2020,51.017
9/13/2020,50.886
9/13/2020,50.797
9/13/2020,50.664
9/13/2020,50.576
9/13/2020,50.445
9/13/2020,50.311
9/13/2020,50.223
9/13/2020,50.092
9/13/2020,50.002
9/13/2020,49.914
9/13/2020,49.87
9/13/2020,49.825
9/13/2020,49.825
9/13/2020,49.87
9/13/2020,49.914
9/13/2020,50.047
9/13/2020,50.18
9/13/2020,50.356
9/13/2020,50.576
9/13/2020,50.752
9/13/2020,50.974
9/13/2020,51.193
9/13/2020,51.37
9/13/2020,51.589
9/13/2020,51.809
9/13/2020,51.94
9/13/2020,52.072
9/13/2020,52.115
9/13/2020,52.16
9/13/2020,52.16
9/13/2020,52.16
9/13/2020,52.16
9/13/2020,52.115
9/13/2020,52.072
9/13/2020,51.984
9/13/2020,51.94
9/13/2020,51.895
9/13/2020,51.895
9/13/2020,51.852
9/13/2020,51.809
9/13/2020,51.721
9/14/2020,51.678
9/14/2020,51.633
9/14/2020,51.544
9/14/2020,51.458
9/14/2020,51.37
9/14/2020,51.325
9/14/2020,51.237
9/14/2020,51.148
9/14/2020,51.105
9/14/2020,51.017
9/14/2020,50.929
9/14/2020,50.841
9/14/2020,50.752
9/14/2020,50.664
9/14/2020,50.576
9/14/2020,50.488
9/14/2020,50.4
9/14/2020,50.356
9/14/2020,50.311
9/14/2020,50.356
9/14/2020,50.4
9/14/2020,50.488
9/14/2020,50.621
9/14/2020,50.797
9/14/2020,50.974
9/14/2020,51.193
9/14/2020,51.458
9/14/2020,51.678
9/14/2020,51.895
9/14/2020,52.115
9/14/2020,52.291
9/14/2020,52.423
9/14/2020,52.554
9/14/2020,52.641
9/14/2020,52.686
9/14/2020,52.686
9/14/2020,52.686
9/14/2020,52.686
9/14/2020,52.641
9/14/2020,52.554
9/14/2020,52.509
9/14/2020,52.423
9/14/2020,52.335
9/14/2020,52.246
9/14/2020,52.16
9/14/2020,52.072
9/14/2020,51.94
9/14/2020,51.852
9/15/2020,51.721
9/15/2020,51.589
9/15/2020,51.458
9/15/2020,51.37
9/15/2020,51.237
9/15/2020,51.105
9/15/2020,50.974
9/15/2020,50.841
9/15/2020,50.752
9/15/2020,50.621
9/15/2020,50.488
9/15/2020,50.4
9/15/2020,50.268
9/15/2020,50.135
9/15/2020,50.047
9/15/2020,49.914
9/15/2020,49.825
9/15/2020,49.782
9/15/2020,49.782
9/15/2020,49.825
9/15/2020,49.87
9/15/2020,50.047
9/15/2020,50.223
9/15/2020,50.488
9/15/2020,50.752
9/15/2020,51.062
9/15/2020,51.413
9/15/2020,51.809
9/15/2020,52.16
9/15/2020,52.509
9/15/2020,52.817
9/15/2020,53.035
9/15/2020,53.209
9/15/2020,53.298
9/15/2020,53.384
9/15/2020,53.384
9/15/2020,53.384
9/15/2020,53.384
9/15/2020,53.298
9/15/2020,53.209
9/15/2020,53.078
9/15/2020,52.992
9/15/2020,52.86
9/15/2020,52.729
9/15/2020,52.597
9/15/2020,52.466
9/15/2020,52.378
9/15/2020,52.246
9/16/2020,52.115
9/16/2020,52.029
9/16/2020,51.895
9/16/2020,51.764
9/16/2020,51.678
9/16/2020,51.544
9/16/2020,51.458
9/16/2020,51.325
9/16/2020,51.193
9/16/2020,51.105
9/16/2020,50.974
9/16/2020,50.886
9/16/2020,50.752
9/16/2020,50.664
9/16/2020,50.533
9/16/2020,50.4
9/16/2020,50.356
9/16/2020,50.268
9/16/2020,50.268
9/16/2020,50.311
9/16/2020,50.4
9/16/2020,50.533
9/16/2020,50.709
9/16/2020,50.929
9/16/2020,51.148
9/16/2020,51.458
9/16/2020,51.809
9/16/2020,52.072
9/16/2020,52.335
9/16/2020,52.554
9/16/2020,52.686
9/16/2020,52.86
9/16/2020,52.947
9/16/2020,53.035
9/16/2020,53.078
9/16/2020,53.078
9/16/2020,53.035
9/16/2020,52.992
9/16/2020,52.947
9/16/2020,52.86
9/16/2020,52.772
9/16/2020,52.686
9/16/2020,52.597
9/16/2020,52.509
9/16/2020,52.423
9/16/2020,52.291
9/16/2020,52.203
9/16/2020,52.115
9/17/2020,52.029
9/17/2020,51.94
9/17/2020,51.852
9/17/2020,51.764
9/17/2020,51.678
9/17/2020,51.544
9/17/2020,51.458
9/17/2020,51.37
9/17/2020,51.282
9/17/2020,51.193
9/17/2020,51.105
9/17/2020,51.017
9/17/2020,50.929
9/17/2020,50.841
9/17/2020,50.797
9/17/2020,50.709
9/17/2020,50.664
9/17/2020,50.621
9/17/2020,50.621
9/17/2020,50.664
9/17/2020,50.752
9/17/2020,50.886
9/17/2020,51.062
9/17/2020,51.282
9/17/2020,51.501
9/17/2020,51.764
9/17/2020,52.072
9/17/2020,52.378
9/17/2020,52.686
9/17/2020,52.903
9/17/2020,53.078
9/17/2020,53.166
9/17/2020,53.253
9/17/2020,53.341
9/17/2020,53.384
9/17/2020,53.384
9/17/2020,53.384
9/17/2020,53.341
9/17/2020,53.253
9/17/2020,53.209
9/17/2020,53.121
9/17/2020,53.078
9/17/2020,53.035
9/17/2020,52.947
9/17/2020,52.903
9/17/2020,52.86
9/17/2020,52.772
9/17/2020,52.686
9/18/2020,52.641
9/18/2020,52.597
9/18/2020,52.554
9/18/2020,52.509
9/18/2020,52.509
9/18/2020,52.466
9/18/2020,52.466
9/18/2020,52.423
9/18/2020,52.378
9/18/2020,52.378
9/18/2020,52.335
9/18/2020,52.291
9/18/2020,52.291
9/18/2020,52.246
9/18/2020,52.246
9/18/2020,52.203
9/18/2020,52.203
9/18/2020,52.16
9/18/2020,52.16
9/18/2020,52.16
9/18/2020,52.203
9/18/2020,52.291
9/18/2020,52.466
9/18/2020,52.554
9/18/2020,52.729
9/18/2020,52.86
9/18/2020,52.903
9/18/2020,53.121
9/18/2020,53.253
9/18/2020,53.298
9/18/2020,53.341
9/18/2020,53.384
9/18/2020,53.472
9/18/2020,53.559
9/18/2020,53.645
9/18/2020,53.559
9/18/2020,53.515
9/18/2020,53.427
9/18/2020,53.341
9/18/2020,53.253
9/18/2020,53.209
9/18/2020,53.121
9/18/2020,53.035
9/18/2020,52.947
9/18/2020,52.86
9/18/2020,52.772
9/18/2020,52.686
9/18/2020,52.597
9/19/2020,52.554
9/19/2020,52.509
9/19/2020,52.466
9/19/2020,52.423
9/19/2020,52.378
9/19/2020,52.335
9/19/2020,52.335
9/19/2020,52.291
9/19/2020,52.291
9/19/2020,52.291
9/19/2020,52.291
9/19/2020,52.246
9/19/2020,52.291
9/19/2020,52.291
9/19/2020,52.291
9/19/2020,52.335
9/19/2020,52.335
9/19/2020,52.378
9/19/2020,52.423
9/19/2020,52.509
9/19/2020,52.641
9/19/2020,52.686
9/19/2020,52.772
9/19/2020,52.903
9/19/2020,53.035
9/19/2020,53.166
9/19/2020,53.384
9/19/2020,53.645
9/19/2020,53.865
9/19/2020,54.037
9/19/2020,54.126
9/19/2020,54.255
9/19/2020,54.343
9/19/2020,54.43
9/19/2020,54.343
9/19/2020,54.212
9/19/2020,54.126
9/19/2020,54.082
9/19/2020,53.951
9/19/2020,53.776
9/19/2020,53.602
9/19/2020,53.427
9/19/2020,53.298
9/19/2020,53.166
9/19/2020,53.035
9/19/2020,52.903
9/19/2020,52.772
9/19/2020,52.641
9/20/2020,52.509
9/20/2020,52.378
9/20/2020,52.246
9/20/2020,52.16
9/20/2020,52.072
9/20/2020,51.984
9/20/2020,51.895
9/20/2020,51.809
9/20/2020,51.721
9/20/2020,51.633
9/20/2020,51.544
9/20/2020,51.501
9/20/2020,51.413
9/20/2020,51.325
9/20/2020,51.282
9/20/2020,51.193
9/20/2020,51.105
9/20/2020,51.062
9/20/2020,51.017
9/20/2020,51.062
9/20/2020,51.105
9/20/2020,51.237
9/20/2020,51.458
9/20/2020,51.501
9/20/2020,51.544
9/20/2020,51.721
9/20/2020,51.984
9/20/2020,52.246
9/20/2020,52.509
9/20/2020,52.772
9/20/2020,53.035
9/20/2020,53.253
9/20/2020,53.427
9/20/2020,53.559
9/20/2020,53.559
9/20/2020,53.472
9/20/2020,53.427
9/20/2020,53.384
9/20/2020,53.341
9/20/2020,53.209
9/20/2020,53.035
9/20/2020,52.86
9/20/2020,52.729
9/20/2020,52.597
9/20/2020,52.423
9/20/2020,52.335
9/20/2020,52.203
9/20/2020,52.072
9/21/2020,51.984
9/21/2020,51.852
9/21/2020,51.678
9/21/2020,51.589
9/21/2020,51.413
9/21/2020,51.282
9/21/2020,51.148
9/21/2020,51.017
9/21/2020,50.886
9/21/2020,50.797
9/21/2020,50.664
9/21/2020,50.576
9/21/2020,50.488
9/21/2020,50.4
9/21/2020,50.356
9/21/2020,50.311
9/21/2020,50.311
9/21/2020,50.311
9/21/2020,50.311
9/21/2020,50.4
9/21/2020,50.445
9/21/2020,50.576
9/21/2020,50.752
9/21/2020,50.886
9/21/2020,51.062
9/21/2020,51.282
9/21/2020,51.589
9/21/2020,51.895
9/21/2020,52.16
9/21/2020,52.378
9/21/2020,52.554
9/21/2020,52.729
9/21/2020,52.86
9/21/2020,53.035
9/21/2020,53.121
9/21/2020,53.166
9/21/2020,53.166
9/21/2020,53.078
9/21/2020,53.035
9/21/2020,52.947
9/21/2020,52.86
9/21/2020,52.772
9/21/2020,52.686
9/21/2020,52.597
9/21/2020,52.509
9/21/2020,52.423
9/21/2020,52.335
9/21/2020,52.291
9/22/2020,52.203
9/22/2020,52.16
9/22/2020,52.115
9/22/2020,52.072
9/22/2020,52.029
9/22/2020,51.984
9/22/2020,51.94
9/22/2020,51.94
9/22/2020,51.895
9/22/2020,51.852
9/22/2020,51.852
9/22/2020,51.809
9/22/2020,51.809
9/22/2020,51.764
9/22/2020,51.764
9/22/2020,51.764
9/22/2020,51.764
9/22/2020,51.764
9/22/2020,51.809
9/22/2020,51.852
9/22/2020,51.895
9/22/2020,52.029
9/22/2020,52.246
9/22/2020,52.378
9/22/2020,52.597
9/22/2020,52.817
9/22/2020,53.121
9/22/2020,53.384
9/22/2020,53.69
9/22/2020,53.908
9/22/2020,54.126
9/22/2020,54.3
9/22/2020,54.343
9/22/2020,54.343
9/22/2020,54.387
9/22/2020,54.387
9/22/2020,54.343
9/22/2020,54.3
9/22/2020,54.169
9/22/2020,53.994
9/22/2020,53.82
9/22/2020,53.645
9/22/2020,53.515
9/22/2020,53.341
9/22/2020,53.209
9/22/2020,53.078
9/22/2020,52.947
9/22/2020,52.772
9/23/2020,52.686
9/23/2020,52.554
9/23/2020,52.466
9/23/2020,52.335
9/23/2020,52.246
9/23/2020,52.16
9/23/2020,52.029
9/23/2020,51.895
9/23/2020,51.764
9/23/2020,51.678
9/23/2020,51.544
9/23/2020,51.458
9/23/2020,51.325
9/23/2020,51.237
9/23/2020,51.105
9/23/2020,51.017
9/23/2020,50.929
9/23/2020,50.841
9/23/2020,50.841
9/23/2020,50.841
9/23/2020,50.929
9/23/2020,51.062
9/23/2020,51.193
9/23/2020,51.325
9/23/2020,51.458
9/23/2020,51.633
9/23/2020,51.852
9/23/2020,52.16
9/23/2020,52.466
9/23/2020,52.817
9/23/2020,53.121
9/23/2020,53.427
9/23/2020,53.602
9/23/2020,53.69
9/23/2020,53.733
9/23/2020,53.776
9/23/2020,53.865
9/23/2020,53.908
9/23/2020,53.908
9/23/2020,53.908
9/23/2020,53.82
9/23/2020,53.776
9/23/2020,53.69
9/23/2020,53.602
9/23/2020,53.559
9/23/2020,53.515
9/23/2020,53.515
9/23/2020,53.515
9/24/2020,53.559
9/24/2020,53.515
9/24/2020,53.472
9/24/2020,53.341
9/24/2020,53.253
9/24/2020,53.121
9/24/2020,53.035
9/24/2020,52.903
9/24/2020,52.817
9/24/2020,52.729
9/24/2020,52.772
9/24/2020,52.86
9/24/2020,52.772
9/24/2020,52.729
9/24/2020,52.86
9/24/2020,52.992
9/24/2020,53.035
9/24/2020,53.121
9/24/2020,53.166
9/24/2020,53.253
9/24/2020,53.384
9/24/2020,53.472
9/24/2020,53.602
9/24/2020,53.69
9/24/2020,53.82
9/24/2020,53.908
9/24/2020,53.994
9/24/2020,54.126
9/24/2020,54.169
9/24/2020,54.255
9/24/2020,54.387
9/24/2020,54.516
9/24/2020,54.561
9/24/2020,54.516
9/24/2020,54.43
9/24/2020,54.255
9/24/2020,54.126
9/24/2020,53.994
9/24/2020,53.82
9/24/2020,53.602
9/24/2020,53.427
9/24/2020,53.209
9/24/2020,53.035
9/24/2020,52.86
9/24/2020,52.686
9/24/2020,52.509
9/24/2020,52.335
9/24/2020,52.16
9/25/2020,51.984
9/25/2020,51.809
9/25/2020,51.633
9/25/2020,51.458
9/25/2020,51.325
9/25/2020,51.193
9/25/2020,51.062
9/25/2020,50.929
9/25/2020,50.797
9/25/2020,50.664
9/25/2020,50.576
9/25/2020,50.445
9/25/2020,50.356
9/25/2020,50.268
9/25/2020,50.18
9/25/2020,50.135
9/25/2020,50.092
9/25/2020,50.047
9/25/2020,50.047
9/25/2020,50.047
9/25/2020,50.092
9/25/2020,50.135
9/25/2020,50.18
9/25/2020,50.268
9/25/2020,50.4
9/25/2020,50.533
9/25/2020,50.709
9/25/2020,50.841
9/25/2020,50.974
9/25/2020,51.105
9/25/2020,51.148
9/25/2020,51.193
9/25/2020,51.237
9/25/2020,51.237
9/25/2020,51.237
9/25/2020,51.282
9/25/2020,51.282
9/25/2020,51.282
9/25/2020,51.282
9/25/2020,51.237
9/25/2020,51.237
9/25/2020,51.237
9/25/2020,51.193
9/25/2020,51.193
9/25/2020,51.193
9/25/2020,51.148
9/25/2020,51.148
9/25/2020,51.148
9/26/2020,51.148
9/26/2020,51.105
9/26/2020,51.105
9/26/2020,51.105
9/26/2020,51.105
9/26/2020,51.105
9/26/2020,51.105
9/26/2020,51.105
9/26/2020,51.062
9/26/2020,51.062
9/26/2020,51.062
9/26/2020,51.062
9/26/2020,51.105
9/26/2020,51.148
9/26/2020,51.237
9/26/2020,51.37
9/26/2020,51.501
9/26/2020,51.633
9/26/2020,51.809
9/26/2020,51.94
9/26/2020,52.029
9/26/2020,52.16
9/26/2020,52.246
9/26/2020,52.378
9/26/2020,52.509
9/26/2020,52.686
9/26/2020,52.772
9/26/2020,52.86
9/26/2020,53.035
9/26/2020,53.121
9/26/2020,53.121
9/26/2020,53.121
9/26/2020,53.121
9/26/2020,53.121
9/26/2020,53.121
9/26/2020,53.121
9/26/2020,53.078
9/26/2020,53.035
9/26/2020,52.947
9/26/2020,52.86
9/26/2020,52.772
9/26/2020,52.686
9/26/2020,52.597
9/26/2020,52.466
9/26/2020,52.378
9/26/2020,52.246
9/26/2020,52.16
9/26/2020,52.029
9/27/2020,51.94
9/27/2020,51.852
9/27/2020,51.764
9/27/2020,51.678
9/27/2020,51.589
9/27/2020,51.501
9/27/2020,51.413
9/27/2020,51.325
9/27/2020,51.237
9/27/2020,51.148
9/27/2020,51.062
9/27/2020,50.974
9/27/2020,50.841
9/27/2020,50.752
9/27/2020,50.664
9/27/2020,50.533
9/27/2020,50.445
9/27/2020,50.4
9/27/2020,50.4
9/27/2020,50.356
9/27/2020,50.268
9/27/2020,50.223
9/27/2020,50.356
9/27/2020,50.356
9/27/2020,50.445
9/27/2020,50.621
9/27/2020,50.841
9/27/2020,51.017
9/27/2020,51.193
9/27/2020,51.37
9/27/2020,51.633
9/27/2020,51.852
9/27/2020,52.029
9/27/2020,52.16
9/27/2020,52.16
9/27/2020,52.072
9/27/2020,52.072
9/27/2020,52.072
9/27/2020,52.029
9/27/2020,51.94
9/27/2020,51.809
9/27/2020,51.721
9/27/2020,51.633
9/27/2020,51.544
9/27/2020,51.458
9/27/2020,51.325
9/27/2020,51.237
9/27/2020,51.148
